,Citrus Type,Measure Type,Year,Afghanistan,Africa,Albania,Algeria,Argentina,Asia,Australia,Austria,Azerbaijan,Bahamas,Bangladesh,Barbados,Belarus,Belgium,Belize,Benin,Bhutan,Bolivia,Brazil,Bulgaria,Cambodia,Canada,Caribbean,Central African Republic,Central America,Chile,"China, Hong Kong SAR","China, Mainland","China, Taiwan",Colombia,Congo,Costa Rica,Croatia,Cuba,Cyprus,Czechia,Côte d'Ivoire,Democratic Republic of Congo,Denmark,Dominica,Dominican Republic,Ecuador,Egypt,El Salvador,Ethiopia,Europe,Fiji,Finland,France,Georgia,Germany,Ghana,Greece,Guatemala,Guinea,Haiti,Honduras,India,Indonesia,Iran (Islamic Republic of),Iraq,Israel,Italy,Jamaica,Japan,Jordan,Kazakhstan,Kenya,Kuwait,Laos,Lebanon,Libya,Lithuania,Madagascar,Malawi,Malaysia,Mali,Mexico,Morocco,Mozambique,Nepal,Netherlands,New Zealand,Nicaragua,Northern America,Norway,Oceania,Oman,Pakistan,Panama,Paraguay,Peru,Philippines,Poland,Portugal,Puerto Rico,Republic of Korea,Romania,Russian Federation,Saudi Arabia,Senegal,Serbia,Singapore,Slovenia,Somalia,South Africa,South America,South Sudan,Spain,Sri Lanka,State of Palestine,Sudan,Suriname,Sweden,Switzerland,Syrian Arab Republic,Thailand,Togo,Trinidad and Tobago,Tunisia,Turkey,Uganda,Ukraine,United Arab Emirates,United Kingdom,United Republic of Tanzania,United States of America,Uruguay,Venezuela,Viet Nam,WORLD,Yemen,Zimbabwe,Armenia,Bahrain,Bermuda,Bosnia and Herzegovina,Hungary,Ireland,Latvia,North Macedonia,Others ,Qatar,Slovakia,Zambia,Aruba,Kyrgyzstan,Mauritania,Mauritius,Syrian Republic,Djibouti,Antigua and Barbuda,French Polynesia
0,citrus,Production,2011,0,12146.2,15,1106.6,3613.5,53728.1,0.1,0,20.3,27.9,136.7,0,0,0,206,14,63.6,324,22018.8,0,70,0,827.7,37.7,8427.2,333.9,0,28939.9,482.6,467.8,23.7,374.1,42.9,264.5,128.8,0,61.8,199.3,0,22,176.1,75.3,3724.9,69,65.8,11003.2,0,0,50.7,54.9,0,645,1063,300.8,0,117.5,306.7,6875,1818.9,3337.3,100.7,467.5,3823.6,176.5,983.4,106.9,0,99.1,0,100.3,230.8,76.8,0,50.4,187.2,35,370.3,7031.1,1636.3,92.5,259.2,0,0.1,95.5,12752.1,0,0.3,0,1982.2,44,325.2,884.8,53.5,0,275.6,22.8,680.5,0,0,0,50,0,0,0,0,2320,28964,13.5,5720.4,12.7,29.4,558.6,19.3,0,0,962.6,1030.4,8,7,325.7,3611.6,0,0,0,0,298.5,12752.1,270.4,621.9,955.6,127848.8,167.6,134.2,0,0,0,0,0,0,0,0,0,0,0,0,0,0,0,0,0,0,0,0
1,citrus,Production,2012,0,12760.9,18.9,1087.8,2895.8,56443.3,0.1,0,28.3,27.9,147.3,0,0,0,269,14.5,49.5,330.2,20258.6,0,70,0,794.6,38.8,8081.8,360.4,0,31830.4,458.5,478.4,25.7,330.8,51.6,203.6,112.4,0,64.3,194.6,0,21.1,203.5,87,3978.3,124.5,50.2,9924.8,0,0,52.7,77,0,671,1093.4,289.5,0,128.8,319.8,6955,1611.8,3560.3,102.8,605.7,2883.9,167.3,892.7,111.1,0,103.6,0,94.2,250.8,77.5,0,60,188.6,33.8,420.7,6603.2,1866.9,88.8,236.8,0,0.1,100,11982.2,0,0.3,0,2036,45,338.4,948.2,52.2,0,258.1,23.1,692.2,0,0,0,45,0,0,0,13,2324.2,26595.3,14,5553.8,13,27.4,574,18.7,0,0,749.2,995.5,8.2,6.6,337.8,3472.8,0,0,0,0,325,11982.2,329.6,542.1,958.2,126583.2,190,135,0,0,0,0,0,0,0,0,0,0,0,0,0,0,0,0,0,0,0,0
2,citrus,Production,2013,0,13131.1,19.7,1204.8,2824.2,62081.2,0.8,0,36.7,28.4,150.4,0,0,0,190,14,49.1,322.5,19734.7,0,70.2,0,753.2,35.9,8819.3,368.9,0,34609,445.3,505.8,25.7,332.6,40.6,166.9,106.4,0,65.1,188.8,0,22,193,80.6,4096.9,90.9,46.9,10569.4,0,0,44.9,110.4,0,709.6,1118,293.9,0,145.9,296.4,9235,1654.7,3712,124.4,526,2678.7,154.2,937.2,96.3,0,102.9,0,88.8,239,78.1,0,65.5,190.7,39.7,531.9,7467.7,1452,148.4,210.4,0,0.8,101.9,12724.8,0,2.4,0,2008.8,45.9,331.5,994.3,49.8,0,287.3,23.3,682.8,0,0,0,40,0,0,0,14,2652.6,26013.9,14.2,6367.1,13.5,22.3,579.8,21.5,0,0,1027.9,966.8,8,6.6,309.3,3678.6,0,0,0,0,371.2,12724.8,234.6,585.9,971.6,134095.3,190.5,136,0,0,0,0,0,0,0,0,0,0,0,0,0,0,0,0,0,0,0,0
3,citrus,Production,2014,0,14061,21.1,1270.9,2593.6,64180.1,1.2,0,32.1,30.2,154.6,0,0,0,190.7,14,41.5,414.2,19074.1,0,70.2,0,681.1,36.1,8947.6,349.1,0,36105,475.8,508.6,24.4,274.4,65.3,96.8,106.5,0,65.5,189.5,0,23.4,210.7,153.5,4399.1,86,48.3,11139.6,0,0,53.4,69.8,0,736.6,976.9,297.4,0,148,294.4,10401.1,1926.6,2799,128.1,518.4,2661.6,140.3,908.6,94.3,0,101.4,0,94.8,239.4,79.3,0,66.3,191.7,35.9,141.9,7655.2,2213.6,171.2,216.9,0,1.2,102.6,12228.9,0,3.6,0,2010.4,46.9,329.9,1071.8,48.3,0,304,12,722.3,0,0,0,50,0,0,0,16,2714,25483.8,14.4,7043.4,14.2,20.1,591,18.4,0,0,927.9,956,8,6.6,326.4,3781.4,0,0,0,0,407.2,12228.9,287.3,672.4,1056.1,136725.7,192.5,137.3,0,0,0,0,0,0,0,0,0,0,0,0,0,0,0,0,0,0,0,0
4,citrus,Production,2015,0,14128.3,29.9,1342,3184.7,66505.1,0.3,0,35.7,30.4,156.9,0,0,0,193.7,14,16,431.2,19213.5,0,70.1,0,680.9,35.7,9086.2,365.3,0,38153.9,410,565.5,23.5,283,36.5,115.5,117,0,65.3,190.5,0,23.4,189.7,156.6,4646.5,88.1,47.7,10375.2,0,0,43.5,77.5,0,737.4,1035.2,306.4,0,139.8,296.1,10920.5,1856.2,2827.4,74.7,522.5,3120.9,148.4,811.2,126,0,102.7,0,99.4,228.7,79.3,0,68.3,203.4,33.3,139,7768.8,1892.1,142.9,216.1,0,0.3,102.1,13095.9,0,0.9,0,1928,48,331.2,1102.9,48.4,0,301.5,14.3,672,0,0,0,50,0,0,0,17.5,2701.4,26261.6,14.4,5805.8,14.1,19.2,640.6,14,0,0,945.5,925.1,8,6.5,370.5,3973.7,0,0,0,0,410,13095.9,252,626.7,1037.5,140134.1,156.6,140.5,0,0,0,0,0,0,0,0,0,0,0,0,0,0,0,0,0,0,0,0
5,citrus,Production,2016,0,14111.7,39.8,1203.3,3281.3,60849.4,0.2,0,46.8,30.9,155.9,0,0,0,146.1,14.1,42,436.4,19308.2,0,71,0,627.3,36.8,9239.7,349.1,0,32377.8,399.2,567.4,24.5,288.9,53.5,119.4,94,0,64.7,187.5,0,23.4,168,148.6,4310,92.5,37.7,11389.5,0,0,75.2,65.5,0,782.4,1038.1,312.8,50.4,180,311.6,10409.5,2138.5,2432.7,81,488.5,2728.4,72.9,828.5,124.2,0,100.7,0,100,307.6,81.4,0,78.3,190.6,33.4,527.3,7938.7,2362.4,118.2,212.3,0,0.2,109.6,14034.5,0,0.6,0,2344.2,39.5,331.4,1171.8,45.8,0,354.2,14.5,640,0,0,0,48.6,0,0,0,19,2193.6,26436.1,14.6,7085.8,304.8,18.1,650.1,12,0,0,1056.8,102.3,8,6.2,342,4290.7,0,0,0,0,481.9,14034.5,271.1,548.4,1457.5,136688.8,150.9,139.8,0,0,0,0,0,0,0,0,0,0,0,0,0,0,0,0,0,0,0,0
6,citrus,Production,2017,0,14531,41,1344.4,3272,63909.4,0.1,0,42.8,31.5,158.7,0,0,0,137.5,14.2,28,433.4,19834.7,0,71,0,616.7,37.3,9396.4,382.5,0,33566,394.3,676.7,24.5,294.7,19.4,101.2,80.6,0,65.3,186.3,0,23.3,169.9,217.6,4390.1,96.9,37.3,10635.2,0,0,78.9,58.1,0,813.1,985,309.4,52.2,185.7,313.2,10363,2295.3,2643.3,82.2,555.9,2791.7,71.4,761.4,107.8,0,100.8,0,101.9,306.9,82.3,0,81.4,218.5,33.2,537.5,8092.4,2275.4,107.9,240.5,0,0.1,112.6,13994.5,0,0.3,0,2267.5,39.7,331.5,1081,43.8,0,374.4,15.3,688.1,0,0,0,48.4,0,0,0,19.5,2411.1,27037,14.8,6330.7,294.7,17.8,658.8,21,0,0,1054.4,1019.9,8,6.2,348.9,4767.6,0,0,0,0,467.6,13994.5,264.1,504.2,1683.9,140120.5,152.2,141.2,0,0,0,0,0,0,0,0,0,0,0,0,0,0,0,0,0,0,0,0
7,citrus,Production,2018,0,14812,52.9,1477.5,3012.2,65332.8,0,0,44.7,31.5,162,0,0,0,106.8,14.2,38.9,460.6,19273.5,0,70.8,0,620.5,37.3,9301.5,387.3,0,34105.6,396.6,793.8,24.8,294.4,48.5,96.9,83.1,0,63.5,186.3,0,23.3,183.1,161.1,4530.5,124.7,37.4,11086.9,0,0,83.9,66.3,0,835.4,1120.4,308.7,54.7,184.2,305.8,10635.7,2510.4,2870.3,80.5,474.3,2600.5,68.3,787.9,108.8,0,101.4,0,101.9,302.7,82,0,85.2,213.8,29.2,145.3,8007.1,2619.1,107.8,242.6,0,0,114.3,14744.8,0,0,0,2037.4,39.7,331.5,1249.3,42.2,0,402.8,15,660.3,0,0,0,52.1,0,0,0,19.5,2393.1,26502.3,15,6776.3,373.1,18,668.4,21.1,0,0,1116.6,1002.7,8.4,6.2,356.4,4900,0,0,0,0,504.5,14744.8,216.9,582.3,1876.4,142400.8,164.2,134.1,0,0,0,0,0,0,0,0,0,0,0,0,0,0,0,0,0,0,0,0
8,citrus,Production,2019,0,15579.4,51.866,1593.5,3469.3,71887.861,0,0,46.8,31.1,165.3,0,0,0,103,15.5,27.5,466.3,19652.8,0,71.2,0,589.6,45.2,9684.5,496.8,0,37739,452.709,887.7,15.9,287.6,52.06,60.8,65.9,0,67,186.8,0,20.4,178.6,184.3,4632.7,86.5,46.7,10537.803,0,0,52.9,64,0,829.6,1085.08,304.1,54.7,182.7,319.1,13314.3,2104.6,3453.8,139.7,510.4,2864.97,76.5,768.6,110.9,0,108.9,0,103.6,309.043,85.1,0,100.8,232.7,31.6,136.6,8413.7,2604.3,79.7,266.809,0,0,130.1,15043.4,0,0,0,2289.3,40.4,324.5,1331,40.5,0,398.83,13.7,645,0,0,0,48.5,0,0,0,24.5,2771.7,27736.3,22,6008.57,375.5,18.5,743.2,21.3,0,0,982.4,1123.3,15.9,7.8,393.3,4299.2,0,0,0,0,535.3,15043.4,242.6,619.2,2202.1,151058.864,165,139.9,0,0,0,0,0,0,0,0,0,0,0,0,0,0,0,0,0,0,0,0
9,citrus,Exports,2011,0,3162.3,0,0,507.1,3119.3,140.9,37.5,0,0,0,0,0.6,47.6,3,0,18.9,0,100.7,6.7,0,0.1,18.5,0,641.4,157.4,104.9,800.1,0,3.2,0,0,26,4.3,49.9,24,0,0,0,0,6.7,29.1,1083.6,3.4,0,5526.9,0,0,82.6,13.8,90.9,0,487.7,11.5,0,0,41.6,53.4,0,43,0,115.6,295.7,6.9,0,14.4,0,0,0,0,124.4,0,68.7,0,0,0,0,505.8,524.4,0,0,447.5,3.3,75.1,1235.6,0,144.2,0,331.9,0,0,83.8,0,65.2,63.5,0,0,0,3.8,0,0,0,8.4,37.9,0,1481,1008,0,3656.1,0,0,0,0,0,0,19.4,17.8,0,0,24,1324.2,0.2,0,29.7,47.2,9.9,947.1,120.5,0,0.9,14712,0,25.5,0,0,0,0,0,0,0,0,0,0,0,0,0,0,0,0,0,0,0,0
10,citrus,Exports,2012,0,3242.9,0,0,454.7,3079.7,169.1,32.1,0,0,0,0,3.6,57,3.2,0,22.4,0,96.1,7.7,0,0,15.2,0,700.3,167,85.7,955.8,0,3.8,0,0,36.3,1.7,48.8,26.6,0,0,0,0,8.3,27.5,992.3,2.3,0,5965.1,0,0,97.1,17.1,78.4,0,415.7,7.4,0,0,20,64.8,0,38,0,125.5,258,4.4,0,28,0,0,0,0,103.2,0,81.9,0,0,0,0,667.1,497.1,0,0,461.7,3.3,0,1225.7,0,172.4,0,368.4,0,0,94,0,79.9,115.4,0,0,0,3.4,0,0,0,9.4,37.3,0,1575.8,939.6,0,4085.1,0,0,0,0,0,0,28.6,15.1,0,0,18.6,1101.3,0.3,0,14.3,36.4,111.2,880.9,93.5,0,1,15168.5,0,31.8,0,0,0,0,0,0,0,0,0,0,0,0,0,0,0,0,0,0,0,0
11,citrus,Exports,2013,0,3217.3,0,0,451.6,3139.3,175.4,30.4,0,0,0,0,9.1,61.1,2.5,0,22.4,0,102.7,6.8,0,0.1,17.1,0,677.1,169,67.3,881.4,0,8.1,0,0,20.7,3.2,50.1,22.4,0,0,0,0,8.2,20.8,865.3,1.3,0,2196.7,0,0,87.8,37.8,92,0,442.8,7.8,0,0,82.6,49,0,41.7,0,131,235.5,4.9,0,41.5,0,0,8.1,0,78.2,0,78.4,0,0,0,0,580.2,505.4,0,0,423.8,2.8,0,1262.4,0,178.2,0,365.3,0,0,95.2,0,70.4,92.8,0,0,0,3.6,0,0,0,13.6,29.3,0,1745.8,961.8,0,401.8,0,0,0,0,0,0,26,16.8,0,0,21.4,1221.3,0.4,0,23.2,49.8,18,905.9,110.8,0,3.1,11471.7,0,44.3,0,0,0,0,0,0,0,0,0,0,0,0,0,0,0,0,0,0,0,0
12,citrus,Exports,2014,0,3315,0,0,316.2,3311.4,167.6,29,0,0,0,0,22.8,57,4.1,0,19.6,0,113.3,6.4,0,0,9.3,0,691.9,157.7,106.4,841.2,0,19.1,0,0,49.4,0.6,36.9,21.8,0,0,0,0,4.9,24,940.7,2.1,0,5780.8,0,0,90.1,24.9,76.2,0,461.8,6.1,0,0,35.1,38.5,0,10.6,0,128.8,259.6,3.6,0,23.5,0,0,36.6,0,85.3,0,76.5,0,0,0,0,589.6,518.2,0,0,415.8,4.6,54.3,1051.2,0,172.2,0,363.4,0,0,113.1,0,56.9,111.2,0,0,0,5.8,0,0,0,18.5,32.7,0,1732.4,869.3,0,3938.2,0,0,0,0,0,0,52.6,20.2,0,0,22.9,1382.7,0.5,0,43.9,31.4,12.2,706.8,119.9,0,7.7,15028.9,0,47.7,0,0,0,0,0,0,0,0,0,0,0,0,0,0,0,0,0,0,0,0
13,citrus,Exports,2015,0,3820.1,0,0,310.1,3206.3,217.7,25.5,0,0,0,0,44.4,61.5,3.5,0,17.8,0,121,14.4,0,0,5.1,0,793.6,210.4,116.4,765.6,0,18,0,0,19.3,0.4,25.1,21.6,0,0,0,0,1.8,19,1312.9,1.3,0,6020.8,0,0,104.2,26.3,92.4,0,394.1,5.1,0,0,54.2,48,0,4.5,0,127.6,248.9,2.7,0,9.2,0,0,56.4,0,46.2,0,82.1,0,0,0,0,695.5,558.1,0,0,466.4,4,33.5,1159.7,0,221.7,0,407.8,0,0,111.4,0,44.9,140.5,0,0,0,8.9,0,0,0,19.3,34.3,0,1737.6,894.3,0,4127.8,0,0,0,0,0,0,18.3,16.4,0,0,24.5,1364,3.2,0,46.4,34.7,105.3,716.3,95.2,0,13.6,15899.9,0,41.1,0,0,0,0,0,0,0,0,0,0,0,0,0,0,0,0,0,0,0,0
14,citrus,Exports,2016,0,3895.9,0,0,394.4,3426.6,231.8,24.4,0,0,0,0,17.1,62,5.2,0,15.5,0,127.7,15.4,0,0.1,9,0,895.5,251.1,162.2,764.7,0,17.4,0,0,46.3,2.4,27.6,19.2,0,0,0,0,3.4,18.3,1433.9,1.7,0,5870.7,0,0,103,28.4,78,0,613.7,5.2,0,0,75.2,99.9,0,16.3,0,154.5,296.8,3.1,0,3.6,0,0,32,0,40,0,45.2,0,0,0,0,750.5,607.4,0,0,621.9,5,57,1348.1,0,236.8,0,356.6,0,0,127.3,0,41.1,128.5,0,0,0,12.2,0,0,0,14,31.7,0,1693.1,1051.1,0,3634.8,0,0,0,0,0,0,14.3,24.4,0,0,20.5,1524.5,2.8,0,41.8,32.9,20.2,874.4,105.9,0,24.7,16496.9,0,71.4,0,0,0,0,0,0,0,0,0,0,0,0,0,0,0,0,0,0,0,0
15,citrus,Exports,2017,0,4315.3,0,0,362.7,3232.6,262.8,20.8,0,0,0,0,15.9,56.1,2.5,0,16.1,0,125.6,14.9,0,0,6.3,0,986.8,271.7,238.6,578.8,0,35,0,0,20.3,1.5,24.7,13.2,0,0,0,0,2.7,22.4,1601.5,1.3,0,5750.5,0,0,110.3,24.5,68,0,379,6.4,0,0,70.8,65.4,0,13.5,0,164,255.2,2,0,3,0,0,36.2,0,40.3,0,40,0,0,0,0,837.7,681.9,0,0,707.6,4.5,66.9,1313.5,0,267.3,0,236.4,0,0,164.7,0,38.2,151.8,0,0,0,15.9,0,0,0,10.8,37.6,0,1910.5,1079.5,0,3735.5,0,0,0,0,0,0,3.7,41.2,0,0,17.7,1560,12.7,0,43.9,36.9,21.5,778.9,90.6,0,38.5,16684.5,0,45.1,0,0,0,0,0,0,0,0,0,0,0,0,0,0,0,0,0,0,0,0
16,citrus,Exports,2018,0,5661.2,0,0,375.9,3813,254.5,20.2,0,0,0,0,12.7,50.3,4.2,0,16.3,0,129.3,27.3,0,0,6.9,0,924.7,335.6,254.7,752.6,0,35.7,0,0,33.6,1.5,22.8,13.9,0,0,0,0,2.7,21.2,2670.2,1.4,0,5721,0,0,97.2,23.7,76,0,421.7,8.8,0,0,29.1,87,0,56.3,0,165.9,266.8,2.6,0,2.9,0,0,29.4,0,39.7,0,38.1,0,0,0,0,822.7,715.7,0,0,704,4.2,56,1272.4,0,258.7,0,402.1,0,0,159.7,0,37.3,185.7,0,0,0,17.8,0,0,0,9.6,37.7,0,2143.1,1143.7,0,3585.4,0,0,0,0,0,0,3.7,29.1,0,0,22.6,1733.8,3.4,0,43.3,33.6,34.2,755,79.5,0,52.2,18542.9,0,50.6,0,0,0,0,0,0,0,0,0,0,0,0,0,0,0,0,0,0,0,0
17,citrus,Exports,2019,0,4810.1,0,0,343.7,3542.1,291,21.4,0,0,0,0,10.1,50.8,3.9,0,16.5,0,137.5,22.5,0,0,6.24,0,939.3,335.5,230,773.5,0,54.9,0,0,23.9,1.54,20.8,12.2,0,0,0,0,1.9,20.9,1957.5,1.3,0,5974,0,0,94.1,39,66.2,0,378.2,6.4,0,0,25.8,91.7,0,49.3,0,173.6,219.7,2.7,0,1.9,0,0,29.3,0,39.1,0,32.7,0,0,0,0,844.4,639.2,0,0,670,4.2,57,1257.8,0,295.2,0,412.3,0,0,209.1,0,30.5,158,0,0,0,18.6,0,0,0,9.4,42.6,0,2090.7,1187,0,4043.9,0,0,0,0,0,0,3.7,26.4,0,0,23,1463.9,3.4,0,38.4,38.7,30.5,667.4,85.4,0,30,17716.54,0,35.2,0,0,0,0,0,0,0,0,0,0,0,0,0,0,0,0,0,0,0,0
18,citrus,Imports,2011,102.9,128.6,0,0,0,3642.5,30.9,153.4,0,2.1,120,2.4,67.3,237.6,0,0,0,0,19.3,69,0,456.7,6.7,0,171.5,10.1,268.9,131.8,0,0,0,76,0,0,0,161,0,0,109,0,0,8.6,0,19.2,0,8967.3,0.4,71.5,943.9,0,1079.1,0,0,41.2,0,0,0,25.3,217.7,0,214.7,0,362.6,0,350.4,38.4,71.9,13.7,104.8,0,0,0,97.1,0,0,170.2,0,31.5,0,0,0,990.6,14.3,0,1224.6,71.6,48.2,70,0,0,29.6,0,78.1,424.9,96.2,0,158.7,168.8,1656.8,522.6,0,91.4,77.4,0,0,0,107,0,169.7,0,0,0,0,184.3,129.8,0,84.2,0,0,0,59.2,0,413.5,285.6,694.1,0,671.1,0,0,0,14248.2,0,0,0,0,0,0,0,0,0,0,0,0,0,0,0,0,0,0,0,0,0,0
19,citrus,Imports,2012,169.7,238.9,0,0,0,3564.9,27.6,156.4,0,2.4,101.3,2.2,78.1,243.5,0,0,0,0,20.6,66.5,0,458.9,6.6,0,211.1,6.1,260.8,126.2,0,0,0,85.8,0,0,0,162.2,0,0,89.9,0,0,8.7,0,22,0,9110.3,0.6,72.2,1042.6,0,1119.9,0,0,53.7,0,0,0,33.2,215.6,0,229.6,0,416.4,0,358,47.3,88.7,112.7,83.7,0,0,0,114.2,0,0,164.8,0,46.3,0,0,0,1009.8,18.3,0,1306,71.9,50.6,59.6,0,0,32.9,0,110.2,459.4,94.3,0,195.1,171.1,1576.1,541.6,0,82.8,76.5,0,0,0,98,0,192.6,0,0,30.9,0,171.3,132.7,0,158,0,0,0,47.3,0,382.8,211.6,696.3,0,745.2,0,0,0,14535.8,0,0,0,0,0,0,0,0,0,0,0,0,0,0,0,0,0,0,0,0,0,0
20,citrus,Imports,2013,138.4,164.5,0,0,0,3646.7,35,161.5,0,2.9,102.6,2.3,96,254,0,0,0,0,26.6,72.2,0,472.7,6.6,0,185.6,8.9,278.3,128.6,0,0,0,68.3,0,0,0,162.7,0,0,88.5,0,0,13.9,0,28.4,0,9500.1,1.1,71.4,1034.3,0,1140.2,0,0,49.5,0,0,0,34.9,99.8,0,244.4,0,434.6,0,307.6,50.8,105.1,8.5,146.9,0,0,0,115,0,0,194.7,0,33.6,0,0,0,1039.7,21.1,0,1388.6,75.1,61.1,55.9,0,0,31.5,0,84.2,454.2,120,0,178.2,204.1,1701.1,565.9,0,85.8,84.6,0,0,0,95.5,0,195.8,0,0,47,0,179.3,135.6,0,154.3,0,0,0,51.1,0,443.4,333.8,715.4,0,793.2,0,0,0,14987.6,0,0,0,0,0,0,0,0,0,0,0,0,0,0,0,0,0,0,0,0,0,0
21,citrus,Imports,2014,120.4,210.2,0,0,0,4089.8,28.9,157.6,0,1.4,78.8,2.3,105.1,249.6,0,0,0,0,28.5,87,0,442,5.9,0,144.5,10.2,336.3,161.8,0,0,0,56.9,0,0,0,157.8,0,0,79.2,0,0,19.5,0,20.4,0,9074.5,0.8,72.1,1015.1,0,1015.8,0,0,29,0,0,0,49.9,139.1,0,269.6,0,364,0,250.1,65,88.3,14.6,157.1,0,0,0,113.4,0,0,180.4,0,32.5,0,0,0,978.7,18.1,0,1381.9,71.9,51.6,68.4,0,0,30.2,0,72.5,444.8,126.1,0,131.5,229.7,1649.4,600.2,0,92.1,91.4,0,0,0,103.9,0,164.2,0,0,37,0,171.8,133.5,0,155.3,0,0,0,50.1,0,328,460.8,718.4,0,835,0,0,0,15010.7,0,0,0,0,0,0,0,0,0,0,0,0,0,0,0,0,0,0,0,0,0,0
22,citrus,Imports,2015,167.2,283.5,0,0,0,4385.1,30.3,163.6,0,2.2,165.1,2.3,122,251.2,0,0,0,0,26.7,94.4,0,464.5,7.3,0,138.6,7,333.1,214.9,0,0,0,36.7,0,0,0,174.7,0,0,85,0,0,16.1,0,35.7,0,9367.9,0.8,74,1065,0,1109,0,0,25.9,0,0,0,50.2,106.1,0,434.7,0,468.9,0,247.4,49.2,83.1,110.3,153.3,0,0,0,117,0,0,188,0,31.2,0,0,0,1045.9,20,0,1559.2,75.9,55.1,60.3,0,0,32.7,0,73.6,470.4,131.1,0,154.5,243.5,1535.2,602.3,0,83.4,93.2,0,0,0,92.6,0,206.1,0,0,36.4,0,180.6,143.9,0,132.9,0,0,0,70.8,0,232,481.5,741.9,0,983.4,0,0,0,15834.2,0,0,0,0,0,0,0,0,0,0,0,0,0,0,0,0,0,0,0,0,0,0
23,citrus,Imports,2016,142.4,132.9,0,0,0,4529.4,27.4,171.1,0,2.4,73.7,2.6,92.2,268,0,0,0,0,29.7,106.6,0,492.1,8.4,0,180,8.6,358.4,295.7,0,0,0,59.6,0,0,0,169.1,0,0,87,0,0,13.5,0,30.1,0,9651.3,1.4,79.2,1103.3,0,1137.9,0,0,39.1,0,0,0,57.2,65.9,0,501.7,0,355.2,0,253.8,44.4,72.2,24.2,140,0,0,0,83.6,0,0,201.1,0,39.2,0,0,0,1148.3,18.8,0,1643,81,52.5,65.8,0,0,14.5,0,100.9,478.8,163.5,0,193.9,266,1522.9,611.2,0,97,88.4,0,0,0,89.4,0,275.6,0,0,11.8,0,187.4,145.9,0,146.7,0,0,0,64.4,0,291.6,457.6,770.2,0,1045.1,0,0,0,16234.4,0,0,0,0,0,0,0,0,0,0,0,0,0,0,0,0,0,0,0,0,0,0
24,citrus,Imports,2017,92.3,138.9,0,0,0,4269.4,31.5,148.2,0,2.6,121.6,2.4,82.5,250.8,0,0,0,0,29.7,96.4,0,469.5,11.7,0,168.7,12.2,414.7,466.4,0,0,0,70.4,0,0,0,148.1,0,0,81.6,0,0,18.7,0,28.3,0,9694,1.2,70.2,1118.3,0,1086.7,0,0,36.8,0,0,0,50.2,110.7,0,466.4,0,483.2,0,240.6,48.4,55.3,47.8,128.6,0,0,0,76,0,0,172.7,0,23.8,0,0,0,1254.1,19.9,0,1778.8,78.2,56.9,66.6,0,0,32.7,0,104.5,501.7,203.6,0,180.8,247,1561.2,579.4,0,80.3,78.1,0,0,0,115.2,0,260.7,0,0,9,0,182.1,144.6,0,96.3,0,0,0,80.2,0,265.4,386.3,738.4,0,1194.6,0,0,0,16176.7,0,0,0,0,0,0,0,0,0,0,0,0,0,0,0,0,0,0,0,0,0,0
25,citrus,Imports,2018,87.1,171.5,0,0,0,4260.6,31.6,155.7,0,2.8,104.8,2.5,82.8,246.9,0,0,0,0,29.8,98.3,0,489.5,7.3,0,177,11.4,389.9,587,0,0,0,70.3,0,0,0,161.6,0,0,83.6,0,0,17,0,29.1,0,9729.4,1.2,73.7,1109.9,0,1119.1,0,0,36.6,0,0,0,53.1,110.3,0,306.9,0,407.6,0,230.6,50.8,54.6,58.4,135.3,0,0,0,75.9,0,0,182.7,0,32.5,0,0,0,1243.3,20.9,0,1756.5,79.4,57.5,63.7,0,0,25.8,0,104.7,477.1,194.3,0,164,247.2,1599.7,628.7,0,89.1,81.4,0,0,0,106,0,216.7,0,0,28.6,0,184.6,146.9,0,97.6,0,0,0,82.7,0,342.8,451.5,741.7,0,1150.7,0,0,0,16208.3,0,0,0,0,0,0,0,0,0,0,0,0,0,0,0,0,0,0,0,0,0,0
26,citrus,Imports,2019,87.1,172.1,0,0,0,4236.2,23.3,155.3,0,2.9,104.8,2.7,86.5,215.7,0,0,0,0,44.3,107.3,0,471.1,6.6,0,164.4,17.7,415.7,554.6,0,0,0,60.5,0,0,0,156.6,0,0,99.5,0,0,13.4,0,22.9,0,10038,1.2,80.5,1094.6,0,1114.5,0,0,33.9,0,0,0,74.4,108,0,200,0,454.8,0,221.2,51.1,57.8,57,136.3,0,0,0,72,0,0,191.2,0,39.5,0,0,0,1300.3,16.8,0,1866.3,75.1,45.3,62.2,0,0,28.6,0,108.1,510.6,182.5,0,161.6,253.4,1724,604.4,0,91.8,83.4,0,0,0,122.1,0,232.3,0,0,28,0,168.3,149.9,0,79.2,0,0,0,78.7,0,407.1,431.6,728.2,0,1303.5,0,0,0,16605.7,0,0,0,0,0,0,0,0,0,0,0,0,0,0,0,0,0,0,0,0,0,0
27,oranges,Production,2011,0,8067.3,0,814.7,1130.1,20050.5,291.2,0,0,0,19.9,0,0,0,181.6,13.5,63.6,167.2,19811.1,0,64.2,0,444.7,30,5200,141.1,0,5540.8,178.8,260.7,40.4,325,0,122.9,40.2,0,0,181.6,0,0,139.3,36.6,2577.7,42.4,48.8,6387.1,0,0,0,0,0,600,847.3,160.1,-,47.7,271.7,4571,1818.9,2293.3,90.9,90.5,2469.9,100.1,0,38.7,0,65.5,0,45.2,110,49.2,0,82.5,72.8,22.6,337.1,4079.7,858.6,36.4,50.7,0,8.3,95.5,8078,0,302.2,0,1387.5,44,229.9,418.6,0,0,228.1,16.4,0,0,0,0,50,0,0,0,0,1495.6,22825.6,0,2818.9,7.2,11.3,134.2,16.1,0,0,734,425,14,0,139.4,1730.1,0,0,0,0,290,8078,135.2,475.2,531.3,72742.9,121.7,97.5,0,0,0,0,0,0,0,0,0,0,0,0,0,0,0,0,0,0,0,0
28,oranges,Production,2012,0,8617.7,0,802.5,933.5,19932.8,389.8,0,0,0,20,0,0,0,237,14,49.5,168.1,18012.6,0,64.1,0,438.7,31,4851.8,144.3,0,5915.6,162.3,229.2,42.5,280,0,93.8,34.8,0,0,177.6,0,0,170.9,48.4,2786.4,94.8,35.7,5794.8,0,0,0,0,0,625,849.5,152.2,-,48.5,276,4360.4,1611.8,2456.1,92.5,111.9,1770.5,91.7,0,40.6,0,61,0,42,115,49,0,87,72.7,16.3,384.6,3666.8,961.7,46,39.7,0,9.2,100,8166,0,401.8,0,1425,45,229.9,428.8,0,0,209,16.3,0,0,0,0,45,0,0,0,0,1644.4,20746.6,0,2942.3,6.9,9.8,138,15.6,0,0,542.2,435,14.5,0,145,1661.1,0,0,0,0,315,8166,156.7,377.3,520.8,70375.2,143.5,98,0,0,0,0,0,0,0,0,0,0,0,0,0,0,0,0,0,0,0,0
29,oranges,Production,2013,0,8943.6,0,890.7,859.8,23544.6,400.6,0,0,0,20,0,0,0,165.4,14.2,49.1,165.4,17549.5,0,64.2,0,413.3,28,5502.7,146.1,0,7000,160.5,245.3,43,280,0,85.1,34.6,0,0,172.3,0,0,157.9,42,2855,69,33.2,6231.1,0,0,0,0,0,663.2,875.8,154.5,-,57.8,276,6426.2,1654.7,2547.2,112.5,90.2,1700.8,79.2,0,40,0,99.4,0,42.9,103,49,0,86.5,72.8,18.7,493.4,4410,759.3,52,34.8,0,8.7,101.9,7501,0,412.1,0,1400,45.9,229.5,436.4,0,0,236.8,16.1,0,0,0,0,40,0,0,0,0,1810.6,20190.9,0,3394.1,7.3,5.9,139.4,17.5,0,0,792.2,435,14,0,130,1781.3,0,0,0,0,360,7501,117.5,378.4,532,74139.3,143.7,98,0,0,0,0,0,0,0,0,0,0,0,0,0,0,0,0,0,0,0,0
30,oranges,Production,2014,0,9222.6,0,955.2,1022.3,23202.7,350,0,0,0,18,0,0,0,169.8,14.4,41.5,179.7,16928.5,0,64.2,0,355,28,5568.9,140.8,0,6576,162.5,233.3,43,220,0,36.1,33.3,0,0,173,0,0,167.4,114.2,3135.9,65.8,31.4,6186.8,0,0,0,0,0,690.1,754.2,155.4,-,55.1,275,7317.6,1926.6,1530.4,115.6,77.7,1668.7,67.3,0,38.9,0,135.3,0,47.7,103,49,0,84.9,72.9,16.6,91.5,4533.4,1001.2,53,35.4,0,8.9,102.6,6140,0,361.6,0,1400,46.9,231,450.4,0,0,251.5,11,0,0,0,0,50,0,0,0,0,1796.8,19903.7,0,3494.5,7.6,4.6,150,14.6,0,0,693,435,14,0,121.5,1779.7,0,0,0,0,394.8,6140,150.6,433.1,589.5,72341.3,144.4,98,0,0,0,0,0,0,0,0,0,0,0,0,0,0,0,0,0,0,0,0
31,oranges,Production,2015,0,9330.8,0,1005.1,1001.3,23647.6,337.6,0,0,0,21,0,0,0,166.3,14.4,16,181.9,16953,0,63.9,0,351.6,27.9,5562.3,141.6,0,6897.9,139.5,268.8,42.8,226.8,0,40.2,32.8,0,0,174.1,0,0,149.9,116.8,3351.3,67,31.2,5909.3,0,0,0,0,0,690.1,808.6,160.8,-,55.9,275.8,7710,1856.2,1530.4,67.4,71.5,1905.1,74.3,0,51.8,0,107.1,0,47.1,99.5,47.8,0,86.3,76,15.5,94.1,4515.5,869,55,34.7,0,9,102.1,5763,0,349.7,0,1320.1,48,222.7,456.2,0,0,246.6,13.2,0,0,0,0,50,0,0,0,0,1762.6,19883,0,2935.4,7.5,4.6,152,10.5,0,0,708.9,414.1,14,0,146.5,1816.8,0,0,0,0,394.7,5763,112,407.6,566.1,72117.4,110.6,101,0,0,0,0,0,0,0,0,0,0,0,0,0,0,0,0,0,0,0,0
32,oranges,Production,2016,0,9073.2,0,892.8,1032.4,23904,398.6,0,0,0,21,0,0,0,132.6,14.6,42,185.1,16980.4,0,64.8,0,399.4,29.2,5636.8,129.8,0,8282.7,131.3,285.5,40.2,230.9,0,38,26.4,0,0,171.2,0,0,134.5,75.3,2939.1,69.4,20.7,6401.4,0,0,0,0,0,732.2,805.9,177,50.4,125.5,274.5,7581,124.3,1561.1,73.5,81.5,1590.3,70.4,0,51.3,0,85.2,0,47.7,160.7,49.9,0,83.6,73.7,13.4,486.7,4603.3,1043.4,65,33.6,0,8,109.6,5523,0,408.3,0,1640.9,39.5,223.4,490.9,0,0,299.6,13.4,0,0,0,0,48.6,0,0,0,0,1366,19865,0,3673.9,47.6,4.6,153,10.3,0,0,797.6,485.1,14.1,0,111.7,1850,0,0,0,0,465.8,5523,139.1,309.9,641.9,72852,107.1,99.1,0,0,0,0,0,0,0,0,0,0,0,0,0,0,0,0,0,0,0,0
33,oranges,Production,2017,0,9369.9,0,1014,1025,24603.7,332.3,0,0,0,21.2,0,0,0,130.7,14.8,28,180,17492.9,0,64.8,0,375.6,29.6,5671.3,129.5,0,8564.4,121.4,331.5,40.4,234.9,0,30.6,20.2,0,0,170.1,0,0,130.9,142.5,3013.8,69.4,20.8,6056.5,0,0,0,0,0,761.8,727.5,178.6,52.2,113.9,275.6,7647,130.1,1755.6,74.8,89.9,1621.7,68.9,0,41.3,0,74,0,48.4,159.6,50.4,0,83.6,77.9,13.2,487.8,4629.8,1025.4,68,39.1,0,7.7,112.6,4616,0,341.9,0,1585.1,39.7,223.4,498.5,0,0,319.7,13.7,0,0,0,0,48.4,0,0,0,0,1453.3,20440.3,0,3357.2,47,4.6,156,19.1,0,0,795.5,495.5,14.2,0,126,1950,0,0,0,0,450,4616,132,256.9,769.4,73060.3,109.4,99.8,0,0,0,0,0,0,0,0,0,0,0,0,0,0,0,0,0,0,0,0
34,oranges,Production,2018,0,9436,0,1134.2,1044.6,25222.9,378.2,0,0,0,24.5,0,0,0,99.3,15,38.9,189.3,16713.5,0,64.6,0,383,29.6,5645.3,129.5,0,9019.6,122.3,367.6,38.8,233.7,0,32.1,20.4,0,0,170.1,0,0,141.9,103.1,3124.3,74.3,20.8,6465.4,0,0,0,0,0,782.9,866.1,178.6,54.7,112.1,275.6,7924.9,102.4,1747.3,72.8,79.8,1592.4,66.1,0,41.4,0,74,0,48.4,159.6,50.3,0,84.1,79.9,10.1,91.5,4629.8,1197.3,71.2,41.6,0,7.9,114.3,3560,0,388,0,1423.7,39.7,223.4,502.8,0,0,344.1,13.6,0,0,0,0,52.1,0,0,0,0,1449.1,19741,0,3639.9,56.8,4.6,160,19.1,0,0,844.4,479.4,14.2,0,126.3,1900,0,0,0,0,485.3,3560,106.9,335.1,852.7,72265.3,120.5,92.4,0,0,0,0,0,0,0,0,0,0,0,0,0,0,0,0,0,0,0,0
35,oranges,Production,2019,0,9833.8,0,1199.5,1026.4,28920.1,343,0,0,0,3.4,0,0,0,86.8,15.5,27.5,193.5,17073.6,0,64.9,0,333.9,36.6,5728.9,133.8,0,10435.7,147.6,351.2,41.6,226.9,0,17.8,19.7,0,0,170.4,0,0,134.5,133.7,3197,61.5,29.7,6098.5,0,0,0,0,0,775.7,849.1,178.1,54.7,80.2,268.4,9509,104.6,2308.7,133.5,74.9,1650.2,72.7,0,46.5,0,69.7,0,46.6,166.5,52.4,0,83.9,66.9,11,72.9,4736.7,1182.5,66.5,43.8,0,8.4,130.1,4832.6,0,355.2,0,1615.2,40.4,225.7,514.9,0,0,340.8,12.8,0,0,0,0,48.5,0,0,0,0,1686.5,20189.9,0,3226.9,59.2,4,166.4,19.1,0,0,706.3,526.5,15.9,0,135,1700,0,0,0,0,535.3,4832.6,115.7,382.3,1017.2,77908.1,119.1,98,0,0,0,0,0,0,0,0,0,0,0,0,0,0,0,0,0,0,0,0
36,oranges,Exports,2011,0,2268.7,0,0,126.6,769.1,106.5,0,0,0,0,0,0,12.9,0,0,18.9,0,33.3,0,0,0,11.1,0,134.5,76.8,71.3,84,0,1,0,0,0,1.4,8.9,0,0,0,0,0,3.7,0,1042.3,0,0,2524.1,0,0,36.5,0,36.5,0,414.2,0,0,0,40.7,28,0,2.2,0,39.7,136.2,5.7,0,0,0,0,0,0,83.5,0,17.6,0,0,0,0,16.5,171.6,0,0,192.3,0.9,75.1,752,0,107.4,0,0,0,0,11.3,0,10.3,54.1,0,0,0,0,0,0,0,5.4,11.3,0,988.2,332.4,0,1528.1,0,0,0,0,0,0,18,0,0,0,23.6,366.3,0,0,11.5,38.9,9.6,752,68.4,0,0,6899.3,0,24.9,0,0,0,0,0,0,0,0,35.2,0,0,0,0,0,0,0,0,0,0,0
37,oranges,Exports,2012,0,2364.4,0,0,85.7,766.3,134.7,0,0,0,0,0,0,17.1,0,0,22.4,0,22.4,0,0,0,8.9,0,41.7,68.9,62,123.5,0,0.8,0,0,0,0.9,6.6,0,0,0,0,0,4.2,0,947.5,0,0,2726.6,0,0,46.5,0,35.8,0,323.7,0,0,0,18.8,42.1,0,0.5,0,44.8,114.1,3.3,0,0,0,0,0,0,74.5,0,25.1,0,0,0,0,21.9,138.4,0,0,222.7,1,0,700.4,0,135.7,0,0,0,0,7.9,0,12.9,98.4,0,0,0,0,0,0,0,5.9,10.5,0,1107.4,239.2,0,1757.1,0,0,0,0,0,0,27.2,0,0,0,18.2,327.4,0,0,8.3,30.5,110.9,700.4,44.9,0,0,6983.2,0,31.1,0,0,0,0,0,0,0,0,32.2,0,0,0,0,0,0,0,0,0,0,0
38,oranges,Exports,2013,0,2165.9,0,0,78.3,649.9,135.3,0,0,0,0,0,0,19.7,0,0,22.4,0,23.2,0,0,0,8,0,113,70,45.2,93.1,0,5.4,0,0,0,0.8,6.7,0,0,0,0,0,3.4,0,807.8,0,0,2824.4,0,0,43.2,0,43.9,0,347.1,0,0,0,80.9,25.9,0,1.8,0,45.4,125.7,3.4,0,0,0,0,4.9,0,46.2,0,26.5,0,0,0,0,29.2,90.2,0,0,206.1,1,0,695,0,136.3,0,0,0,0,10.6,0,14.8,75.5,0,0,0,0,0,0,0,7.4,9.2,0,1173.3,247.9,0,1834.5,0,0,0,0,0,0,18,0,0,0,21.2,280.4,0,0,16.3,43.4,17.7,694.9,60.2,0,0,6840.4,0,43.7,0,0,0,0,0,0,0,0,34.8,0,0,0,0,0,0,0,0,0,0,0
39,oranges,Exports,2014,0,2232.1,0,0,75.9,765,133.3,0,0,0,0,0,0,22.4,0,0,19.6,0,20.1,0,0,0,6.3,0,138.3,57.4,51.5,87.3,0,12.9,0,0,0,0.4,5.5,0,0,0,0,0,3.2,0,877.4,0,0,2644.4,0,0,35.8,0,30.5,0,367.5,0,0,0,33.1,18.6,0,2.4,0,32.6,120.8,2.6,0,0,0,0,30.8,0,53.5,0,26.8,0,0,0,0,49,119.4,0,0,210.3,0.9,54.3,497,0,134.2,0,0,0,0,9.4,0,9.1,94.2,0,0,0,0,0,0,0,9.5,8.9,0,1142.6,235.7,0,1657.4,0,0,0,0,0,0,47.3,0,0,0,20.1,340.8,0,0,24.6,27.6,11.9,497,59.9,0,0,6653,0,46.7,0,0,0,0,0,0,0,0,33.1,0,0,0,0,0,0,0,0,0,0,0
40,oranges,Exports,2015,0,2700.2,0,0,71.6,710.4,162,0,0,0,0,0,0,21.3,0,0,17.8,0,23.5,0,0,0,3.2,0,135.8,69.1,75.6,55.3,0,11.6,0,0,0,0.3,4,0,0,0,0,0,0.6,0,1238.5,0,0,2872.1,0,0,46.6,0,36,0,290.3,0,0,0,52.5,27.4,0,0.6,0,36.5,119.9,2.2,0,0,0,0,47.1,0,25.8,0,28.7,0,0,0,0,49.2,122.4,0,0,232.8,0.8,33.5,522.7,0,162.8,0,0,0,0,6.6,0,7,113.6,0,0,0,0,0,0,0,8.2,10.1,0,1159.4,226.7,0,1894.9,0,0,0,0,0,0,16.5,0,0,0,23.3,333.1,0,0,28.1,28,105,522.7,44.2,0,0,7333.9,0,40,0,0,0,0,0,0,0,0,42.9,0,0,0,0,0,0,0,0,0,0,0
41,oranges,Exports,2016,0,2622.4,0,0,64.8,820.5,174.5,0,0,0,0,0,0,22.8,0,0,15.5,0,31.1,0,0,0,4.9,0,185.5,75.2,107.4,75.4,0,8.2,0,0,0,0.7,4.1,0,0,0,0,0,2,0,1338.8,0,0,2760.1,0,0,46.2,0,31.6,0,461.9,0,0,0,71.4,81.4,0,6.4,0,5.4,152.5,2.2,0,0,0,0,20.2,0,27.5,0,15.2,0,0,0,0,55.9,97.3,0,0,283.2,1.2,57,677.8,0,175.7,0,0,0,0,10.8,0,9.1,97.7,0,0,0,0,0,0,0,7,12,0,1064.1,245.8,0,1560.2,0,0,0,0,0,0,14,0,0,0,16.3,403,0,0,18.8,28.5,19.9,677.7,55.6,0,0,7492.7,0,70.8,0,0,0,0,0,0,0,0,39.2,0,0,0,0,0,0,0,0,0,0,0
42,oranges,Exports,2017,0,2799,0,0,80,815.7,189.6,0,0,0,0,0,0,21.5,0,0,16.1,0,32.3,0,0,0,3.2,0,210.7,75.7,177.1,55.8,0,18.5,0,0,0,0.4,4.9,0,0,0,0,0,1.4,0,1363,0,0,2672.7,0,0,46.2,0,27.8,0,277.3,0,0,0,66.7,48.2,0,4.6,0,3.6,110.8,1.4,0,0,0,0,17.2,0,34.5,0,13.8,0,0,0,0,75.5,163.3,0,0,350,1.2,66.9,588.1,0,190.8,0,0,0,0,17.3,0,8.7,118.4,0,0,0,0,0,0,0,6,15.8,0,1170.8,264.4,0,1618.4,0,0,0,0,0,0,3.2,0,0,0,16.5,390.9,0,0,20.9,30.1,21.2,588.1,40.5,0,0,7544.6,0,45.1,0,0,0,0,0,0,0,0,33.9,0,0,0,0,0,0,0,0,0,0,0
43,oranges,Exports,2018,0,3761.2,0,0,80,958,184.9,0,0,0,0,0,0,21.7,0,0,16.3,0,30.7,0,0,0,3.2,0,150.7,75.7,184.8,61.5,0,15.2,0,0,0,0.4,3.9,0,0,0,0,0,1.4,0,2219.2,0,0,2680.1,0,0,41.1,0,29.3,0,313.8,0,0,0,24.4,72,0,38,0,13.6,138.3,1.4,0,0,0,0,13.1,0,33.4,0,15.8,0,0,0,0,67.3,148.1,0,0,356,0.8,56,588.3,0,185.7,0,0,0,0,14.6,0,8.1,138,0,0,0,0,0,0,0,5.2,19.8,0,1278.9,261.3,0,1528.4,0,0,0,0,0,0,3.2,0,0,0,20.5,450.1,0,0,20.1,27.5,33.9,588.3,45,0,0,8588.5,0,50.3,0,0,0,0,0,0,0,0,42.3,0,0,0,0,0,0,0,0,0,0,0
44,oranges,Exports,2019,0,3034.9,0,0,84.9,709,199,0,0,0,0,0,0,22.5,0,0,16.5,0,31.5,0,0,0,2.7,0,138.4,100.1,165.8,54.1,0,30.9,0,0,0,0.3,4.9,0,0,0,0,0,0.9,0,1605,0,0,2809.8,0,0,39,0,22.5,0,264.4,0,0,0,21.5,69.2,0,30,0,12,104.2,1.5,0,0,0,0,13,0,33,0,12.4,0,0,0,0,57.8,146,0,0,338.5,0.7,57,484.3,0,199.7,0,0,0,0,21.5,0,7.5,113.8,0,0,0,0,0,0,0,5.3,22.2,0,1186.4,317.6,0,1783.3,0,0,0,0,0,0,3.2,0,0,0,21,238.7,0,0,20.2,32.8,30.2,484.3,48.6,0,0,7696.4,0,34.9,0,0,0,0,0,0,0,0,46.7,0,0,0,0,0,0,0,0,0,0,0
45,oranges,Imports,2011,0,142.2,22.8,0,0,2118.1,22.7,51.6,0,0.9,97.7,1.5,24,120.3,0,0,0,0,11.5,27.4,0,208.1,3.7,0,162,0,204.9,99.6,9.7,0,0,75.1,32.1,0,0,57.6,5.7,0,49.8,0,0,2.6,0,18.9,0,3734.4,0,27.9,410.8,0,483.7,0,0,40.7,0,0,0,24.8,33.1,184.3,146.3,0,144.9,0,115.3,26.5,0,13.2,80.1,0,0,0,27.7,0,0,88.7,0,25.1,0,0,3.5,461.7,10,0,312.6,37.5,35.2,43.5,0,0,28.7,0,29.7,128.7,67.5,0,142,67.7,568.4,360.6,0,48.2,43.1,18.3,0,0,62.5,0,115.4,0,0,29.8,0,96.8,62.8,0,0,0,0,0,44.3,0,143.7,201.8,284.6,0,104.4,0,0,0,6570.7,0,0,8.1,17.1,0.1,21.1,31,22,11.5,13,0,24.8,21.7,7.3,0,0,0,0,0,0,0,0
46,oranges,Imports,2012,0,234.1,17.7,0,0,1937.4,18.3,53.3,0,0.9,77.1,1.5,26.9,123.4,0,0,0,0,11.9,27.3,0,194.5,2.8,0,196.7,0,190.7,96.7,14.1,0,0,84,27.4,0,0,55.2,7.3,0,39.2,0,0,3.3,0,21.7,0,3722.5,0,28.8,466.4,0,513.7,0,0,53.1,0,0,0,32.6,32.5,32.8,162.6,0,184,0,130.4,36.5,0,112.4,56.5,0,0,0,36.8,0,0,94.8,0,35.5,0,0,7.2,475.5,12.7,0,313.6,35.6,35.1,45.3,0,0,31.5,0,35.9,136.2,62,0,173.9,60.3,489.1,389.9,0,38.4,43.5,16.4,0,0,60.3,0,121.5,0,0,46,0,84.7,62.9,0,0,0,0,0,30.8,0,118,118.7,282,0,119,0,0,0,6502.5,0,0,5.5,19.4,0.1,17.8,24.6,25,11.4,11.4,0,26.2,19.4,8.8,0,0,0,0,0,0,0,0
47,oranges,Imports,2013,0,130.3,16.7,0,0,2059.9,20.8,62.8,0,1,85.6,1.5,36.4,124.9,0,0,0,0,14.6,31.8,0,198,3.4,0,175.2,0,221.4,87.7,13,0,0,66.6,29.2,0,0,62.7,3.4,0,43.4,0,0,9.4,0,27.9,0,4062.7,0,27.4,486.5,0,558.2,0,0,48.8,0,0,0,34.2,17.3,32.8,184.9,0,220.6,0,111.9,35.4,0,7.3,98.1,0,0,0,41.6,0,0,103.7,0,27.9,0,0,6.9,491,13.5,0,337.7,38,38.5,43.8,0,0,29.4,0,24.7,167.6,80.2,0,152.7,95.3,504.4,374.3,0,44.4,45,20.2,0,0,61.3,0,126.2,0,0,37,0,96.6,68,0,0,0,0,0,33.5,0,133.2,211.9,290.9,0,139.4,0,0,0,6869,0,0,7.3,17.1,0.3,20,26.3,27.7,13.5,11.9,0,27.5,32.3,10.1,0,0,0,0,0,0,0,0
48,oranges,Imports,2014,0,160.3,20.3,0,0,2103.9,17,54.9,0,0.4,53.8,1.5,32.7,122.5,0,0,0,0,16.1,36.7,0,182.3,3.1,0,132.1,0,233.9,90.3,10.3,0,0,55.4,28.5,0,0,56.2,7.8,0,39.2,0,0,12.6,0,19.3,0,3661.2,0,28.5,446.2,0,415.6,0,0,27.5,0,0,0,49,17,6.3,185,0,159.8,0,83.6,50.9,0,14.2,104.6,0,0,0,41,0,0,103.7,0,26.2,0,0,11.8,468.6,11.7,0,327,33.3,32.5,50.1,0,0,27.2,0,19.7,162.1,83.9,0,98.4,103.1,468.7,402.5,0,46.7,48.5,21.6,0,0,62.3,0,110.3,0,0,36.4,0,87.7,63,0,0,0,0,0,28.2,0,94.6,241.9,274.7,0,144,0,0,0,6482.4,0,0,8.7,19.3,0.7,22.1,29.6,28,12,15.8,0,30.6,22.9,12.4,0,0,0,0,0,0,0,0
49,oranges,Imports,2015,0,220.7,13.4,0,0,2275.5,17.6,60.6,0,1,150.8,1.5,39.5,120.2,0,0,0,0,15.4,35,0,188.5,4.1,0,124.8,0,257.5,148.4,12.9,0,0,34.9,30.1,0,0,64.7,5.1,0,44.1,0,0,12.1,0,34.8,0,3889.1,0,29.5,490,0,480,0,0,23.5,0,0,0,49.1,14,11.9,192.7,0,217,0,84.1,31.9,0,109.3,106.5,0,0,0,41,0,0,95.7,0,25.4,0,0,14,503.7,11,0,347.8,36.3,32.5,44.4,0,0,30.2,0,17.7,164.2,90.3,0,111.7,100.3,463.7,400.2,0,41,45.1,21.1,0,0,63.1,0,135.1,0,0,11.8,0,93.6,69.2,0,0,0,0,0,45.7,0,66.3,250.8,277.9,0,158.7,0,0,0,6957.6,0,0,9,19,0.6,20.5,26.5,27,12.7,13.9,0,31,25.2,8.2,0,0,0,0,0,0,0,0
50,oranges,Imports,2016,0,95.5,18.5,0,0,2400.6,15.2,66.3,0,1,60.5,1.6,28,128,0,0,0,0,18.9,38.2,0,206.6,4.8,0,163.2,0,276.7,221.8,26.1,0,0,57.5,25.8,0,0,58.2,7.5,0,42.9,0,0,11.7,0,28.8,0,3932.4,0,30.7,503.3,0,487.1,0,0,36.5,0,0,0,56,12.2,53.6,210.4,0,136.8,0,101.5,27,0,23.2,81.3,0,0,0,27.4,0,0,102.8,0,32.6,0,0,17.1,542.1,11.3,0,368.2,38.6,31.8,43.5,0,0,12.3,0,20.3,162.2,111.5,0,154.9,106.1,451.8,418.4,0,47.2,43.8,24.6,0,0,56.8,0,164.3,0,0,8.6,0,93.2,70.5,0,0,0,0,0,36.8,0,81.1,237.8,283.4,0,161.2,0,0,0,7053.3,0,0,11,21.1,0.4,23,27.4,25.8,11.6,18.7,0,34,24.5,5.8,0,0,0,0,0,0,0,0
51,oranges,Imports,2017,0,125.2,13.1,0,0,2416.9,20.4,59.5,0,1,105.6,1.4,28,122.3,0,0,0,0,18.2,32.9,0,182.8,5.9,0,151.9,0,318.4,358,25.2,0,0,68,23.9,0,0,48.5,6.8,0,37.9,0,0,14.7,0,26.7,0,3957.1,0,27.8,517.2,0,462.2,0,0,35.2,0,0,0,48.9,15.5,15.9,193.9,0,232.2,0,90.6,27.4,0,42.7,67.5,0,0,0,25.6,0,0,97,0,16.6,0,0,19.7,585.2,10.8,0,370.2,35.1,35.8,44.4,0,0,29.6,0,31.1,165.5,140.5,0,141.6,88.2,428.5,387.5,0,35.2,41.2,27.2,0,0,72.7,0,173.9,0,0,28.3,0,85,68.3,0,0,0,0,0,48.7,0,69.9,215.2,276,0,186.9,0,0,0,7135.7,0,0,9.4,16.7,0.5,17.4,23.5,26.6,11.6,13,0,24,20.1,3.6,0,0,0,0,0,0,0,0
52,oranges,Imports,2018,0,145.6,15.2,0,0,2631.3,18.9,60.9,0,1.2,88.9,1.5,28,122.3,0,0,0,0,18.2,33.4,0,200.3,3.7,0,160.7,0,313.6,474.9,24.9,0,0,68,27.8,0,0,58.8,6.8,0,39.2,0,0,14.7,0,27.6,0,3860.1,0,28.6,494,0,481,0,0,34.7,0,0,0,51.8,20.3,20.8,205.1,0,170.4,0,99.9,28.4,0,57.5,77.5,0,0,0,25.6,0,0,97.8,0,25.7,0,0,22.6,573.1,12.3,0,383.7,36.1,35.7,44.3,0,0,22.7,0,30.5,165.5,135.5,0,124,88.3,412.3,433.7,0,40.2,41.6,26.3,0,0,68.7,0,137.7,0,0,28,0,89.3,68.1,0,0,0,0,0,49.8,0,69.9,265.4,276,0,182.9,0,0,0,7289.5,0,0,10.8,18.4,0.5,21.1,24.1,24.7,11.6,16.5,0,27.2,23.8,5.2,0,0,0,0,0,0,0,0
53,oranges,Imports,2019,0,70.1,14.1,0,0,2563.2,13.7,57.6,0,1.2,89,1.6,30.4,103.5,0,0,0,0,30.7,32.3,0,185.9,3.8,0,145.5,0,330.7,432.3,19.9,0,0,58.2,28,0,0,50,12.1,0,52.5,0,0,12.1,0,21,0,3906.6,0,35.8,496.6,0,463.8,0,0,31.9,0,0,0,72.9,14.5,21,200,0,191.1,0,88.2,30.6,0,7.1,78,0,0,0,24.1,0,0,103.1,0,30.9,0,0,22,595.5,8.5,0,376.8,31.9,26.7,44,0,0,25.5,0,17.9,171.7,114.9,0,124.4,88.6,447.7,396.6,0,41.5,43.8,31.3,0,0,76.8,0,146.5,0,0,0,0,74.7,70.1,0,0,0,0,0,44.6,0,92.4,250,261.2,0,190.4,0,0,0,7169.5,0,0,13.3,19.4,0.5,19.6,23.6,27.9,13.4,12.2,0,35,25.5,4.1,0,0,0,0,0,0,0,0
54,tangerines,Production,2011,0,2183,0,218,554.6,22987.1,97.9,0,16,0.7,0,0,0,0,0,0,0,124.9,1004.7,0,0,0,45.4,0,6900.7,33,0,18392.5,197.1,114.5,0,0,42.4,23,52.3,0,0,0,0,0,0,25.8,848.1,13.3,0,3230.5,0,0,36.3,53.1,0,0,129.2,20,0,15.7,0,0,0,581.9,0,130.6,863.5,6,928.2,34.3,0,12.7,0,38,23,10,0,0,102.1,0,8.1,406.4,753,0,179.5,0,6.9,0,643,0,104.8,0,515.4,0,44.2,236.3,17.7,0,34.2,0,680.5,0,0,0,0,0,0,0,0,148.3,2311.5,0,2117.1,0,0,11.1,0,0,0,0,214.9,0,0,47.5,872.3,0,0,0,0,0,643,93.4,79.9,0,35175.5,21.5,12.1,0,0,0,0,0,0,0,0,0,0,0,0,0,0,0,0,26.8,0,0,0
55,tangerines,Production,2012,0,2319.1,0,207.5,374,25165.3,85.1,0,23.3,0.7,0,0,0,0,0,0,0,128.1,959.7,0,0,0,39.8,0,6335.1,58,0,20579.1,189,131.4,0,0,51.1,18.6,45.5,0,0,0,0,0,0,26,885.4,8.4,0,2928.3,0,0,40.8,71.1,0,0,160.5,20,0,15.7,0,0,0,615.5,0,178.6,759.6,4.8,846.3,35.9,0,11.1,0,40,24,10,0,0,103.5,0,8.9,450.1,877.1,0,166.6,0,6.3,0,635,0,91.4,0,525,0,46.3,281.1,16.8,0,35.7,0,692.2,0,0,0,0,0,0,0,0,130.1,2217.9,13,1871.3,0,0,0,0,0,0,0,185.1,0,0,47.8,874.8,0,0,0,0,0,635,123.7,89.4,0,36803.6,21.5,12.5,0,0,0,0,0,0,0,0,0,0,0,0,0,0,0,0,23.8,0,0,0
56,tangerines,Production,2013,0,2197.1,0,231.2,364.9,26505.9,91.1,0,30.8,0.7,0,0,0,0,0,0,0,123.3,937.8,0,0,0,36.6,0,6761,64,0,21835.1,178.2,138.5,0,0,40.3,12.8,42.5,0,0,0,0,0,0,22.5,936.8,4.6,0,3121.4,0,0,31.7,107.1,0,0,160.9,20,0,19.1,0,0,0,650.2,0,153.7,642.8,4,895.9,22.7,0,20.9,0,35.7,24,10.1,0,0,105.3,0,8.8,493.6,664.1,0,146.7,0,6.4,0,660,0,97.5,0,525,0,49,313.7,15.3,0,36.3,0,682.8,0,0,0,0,0,0,0,0,142.2,2227.5,14,2198.9,0,0,0,0,0,0,0,155.8,0,0,39,942.2,0,0,0,0,0,660,83.3,130.3,0,38485.6,21.6,12.5,0,0,0,0,0,0,0,0,0,0,0,0,0,0,0,0,29.7,0,0,0
57,tangerines,Production,2014,0,2776.3,0,227.9,486.6,28442.4,100.2,0,26.5,0.8,0,0,0,0,0,0,0,199,965.2,0,0,0,34.8,0,7171.4,73.1,0,23659.8,196.7,132.4,0,0,65,11.4,41.5,0,0,0,0,0,0,23,956.9,5.2,0,3327.1,0,0,41.6,65.9,0,0,158.9,20,0,19.2,0,0,0,693.8,0,143.6,617,3.4,874.7,22.5,0,17.6,0,36.5,24,10.1,0,0,106.1,0,13.3,492,1185.4,0,149.3,0,6.7,0,700,0,106.9,0,525,0,48.8,339.6,14,0,37.6,0,722.3,0,0,0,0,0,0,0,0,171.2,2531.3,16,2389.7,0,0,0,0,0,0,0,137.7,0,0,46.5,1046.9,0,0,0,0,0,700,104.8,158.6,0,41763.1,22.1,12.9,0,0,0,0,0,0,0,0,0,0,0,0,0,0,0,0,28.4,0,0,0
58,tangerines,Production,2015,0,2659.5,0,262.3,491.4,29393.9,101.4,0,29.5,0.8,0,0,0,0,0,0,0,213.1,1000.5,0,0,0,35.6,0,6760.1,77.4,0,24604.8,160.1,140.6,0,0,35.9,12.4,44.5,0,0,0,0,0,0,23.4,940.6,4.9,0,3124.3,0,0,29.6,71,0,0,161.1,20.4,0,19.2,0,0,0,705.9,0,204,822.4,3.2,777.8,32.2,0,14.9,0,40.6,21.9,11.1,0,0,114.2,0,9.6,486.2,993.2,0,149.2,0,6.3,0,810,0,107.7,0,512.1,0,48.9,357.9,14.1,0,39.2,0,672,0,0,0,0,0,0,0,0,195.3,2594,17.5,2018.8,0,0,0,0,0,0,0,138.5,0,0,75,1156.4,0,0,0,0,0,810,102.3,138.3,0,42360.8,22.7,13.3,0,0,0,0,0,0,0,0,0,0,0,0,0,0,0,0,27.3,0,0,0
59,tangerines,Production,2016,0,2974.4,0,234.2,468.3,23988.8,125.2,0,39.2,0.8,0,0,0,0,0,0,0,215.2,1013.1,0,0,0,39.1,0,7285.7,83.3,0,17318.4,159,126.2,0,0,52.4,17.2,34.1,0,0,0,0,0,0,40.3,1021.2,5,0,3406.6,0,0,43.2,60,0,0,162.9,-,0,20.3,0,0,2014.2,348.4,0,164,697.7,0.6,805.1,31.6,0,10.2,0,40.6,33.5,10.3,0,0,104.3,0,11.7,467.5,1278.3,0,146.7,0,7.2,0,861,0,132.4,0,609.5,0,48.7,403.9,13.2,0,39,0,640,0,0,0,0,0,0,0,0,183.1,2653.3,19,2382.1,0,0,6.5,0,0,0,0,138.3,0,0,68.8,1337,0,0,0,0,0,861,95.1,158.5,0,37934.7,20.7,13.5,0,0,0,0,0,0,0,0,0,0,0,0,0,0,0,0,27.1,0,0,0
60,tangerines,Production,2017,0,2958.7,0,250.7,459,43128.7,127.3,0,35.2,0.8,0,0,0,0,0,0,0,216.8,967.1,0,0,0,41.5,0,6547.1,107,0,18026,161.7,137.1,0,0,19.1,18.8,35.7,0,0,0,0,0,0,40.3,1038.8,9.4,0,3022.6,0,0,41.8,54.9,0,0,176.6,-,0,21.1,0,0,20165.2,369.1,0,242.3,747.1,0.6,741.3,25.7,0,10,0,41.5,33.5,10.3,0,0,126.8,0,13.2,492.5,1208.8,0,164.6,0,7.1,0,933,0,134.4,0,590.8,0,48.8,408,12.9,0,39.1,0,688.1,0,0,0,0,0,0,0,0,187.6,2645.1,19.5,1967,0,0,6.5,0,0,0,0,135,0,0,59.4,1550.5,0,0,0,0,0,933,93,167.3,0,56388.5,19.7,13.8,0,0,0,0,0,0,0,0,0,0,0,0,0,0,0,0,27.2,0,0,0
61,tangerines,Production,2018,0,3160.4,0,262.8,461,25680.1,138,0,37,0.8,0,0,0,0,0,0,0,235.1,996.9,0,0,0,45,0,6305.1,113.1,0,18110.4,163.5,188.3,0,0,47.7,21.2,37.1,0,0,0,0,0,0,29.1,1071.4,18.4,0,2901.1,0,0,48.5,62.3,0,0,174.7,-,0,22.4,0,0,2408,604.4,0,174.6,578.3,0.5,773.7,25.9,0,8.3,0,41.5,33.5,10.2,0,0,118.3,0,13.3,484.5,1374.6,0,164.6,0,7.2,0,729,0,145.2,0,530.4,0,48.8,481.6,11.9,0,42.1,0,660.3,0,0,0,0,0,0,0,0,186,2793.1,19.5,1978.6,0,0,6.5,0,0,0,0,135,0,0,62.2,1650,0,0,0,0,0,729,71.2,167.3,0,38857.9,20.6,14,0,0,0,0,0,0,0,0,0,0,0,0,0,0,0,0,27.3,0,0,0
62,tangerines,Production,2019,0,3304.6,0,305.3,425.5,26700,135.5,0,38.5,0.9,0,0,0,0,0,0,0,240,984.9,0,0,0,46.9,0,6298.9,190,0,19707.2,175.8,201.9,0,0,52.1,18.9,24.9,0,0,0,0,0,0,26.2,1096,6.3,0,2903.1,0,0,34.4,59.8,0,0,150.6,-,0,23.3,0,0,2000,586.6,0,211.1,763.6,3.8,746.7,23.4,0,10.9,0,43.1,28.9,10.3,0,0,150.7,0,13.3,486.4,1374.6,0,177.4,0,1.1,0,986.1,0,136.6,0,596.5,0,48.9,507.6,11.6,0,41.3,0,645,0,0,0,0,0,0,0,0,196.1,2859.3,22,1826.3,0,0,0,0,0,0,0,163,0,0,94.7,1400,0,0,0,0,0,986.1,78.7,155.6,0,40332.4,20.3,14.4,0,0,0,0,0,0,0,0,0,0,0,0,0,0,0,0,26.3,0,0,0
63,tangerines,Exports,2011,0,474.5,0,0,115.2,1660,33.3,0,0,0,0,0,0,10.9,0,0,0,0,0,1.4,0,0.1,1.4,0,2.8,32.6,19.8,708.7,0,0,0,0,26,0,27.1,0,0,0,0,0,0,10.9,16.1,0,0,2111.7,0,0,34.5,13.7,22,0,68.9,0.1,0,0,0.1,0,0,7.4,0,29.9,112.9,1.2,0,8.1,0,0,0,0,0,0,37.4,0,0,0,0,2.6,348.5,0,0,86.4,1,0,55,0,34.3,0,325,0,0,69.4,0,48.6,3.7,0,0,0,0.5,0,0,0,0,17.4,0,107.8,267,0,1590.3,0,0,0,0,0,0,0,0,0,0.2,0,470.9,0,0,16.5,0,0,54.9,37.8,0,0,4606.7,0,0,0,0,0,0,0,0,0,0,0,0,0,0,0,0,0,0,0,0,0,0
64,tangerines,Exports,2012,0,471.6,0,0,97.1,1736.8,33.2,0,0,0,0,0,0,14,0,0,0,0,0,1.9,0,0,1.3,0,1.4,57.2,9.9,819.1,0,0,0,0,36.3,0,27.6,0,0,0,0,0,0,9.3,10.8,0,0,2253.9,0,0,36.9,16.7,17.3,0,84.5,0.1,0,0,0.1,0,0,4.1,0,32.6,103.4,1.1,0,16.2,0,0,0,0,0,0,36.8,0,0,0,0,1.2,338.2,0,0,72.1,1,0,38.4,0,34.2,0,367.9,0,0,83,0,54.3,9.6,0,0,0,0.3,0,0,0,0,15.8,0,122.1,282.7,0,1715.8,0,0,0,0,0,0,0,0,0,0.2,0,406.4,0,0,3.5,0,0,38.4,34.7,0,0,4820.3,0,0,0,0,0,0,0,0,0,0,0,0,0,0,0,0,0,0,0,0,0,0
65,tangerines,Exports,2013,0,560.5,0,0,88.9,1860.9,38.4,0,0,0,0,0,0,16.5,0,0,0,0,0,1.4,0,0,1.8,0,2.3,63.8,8.2,773.4,0,0,0,0,20.4,0,29.5,0,0,0,0,0,0.1,2.6,24.8,0,0,2029,0,0,31.4,35.4,19.4,0,86.8,0.3,0,0,0.1,0,0,6.5,0,48.3,67.4,1.5,0,31.6,0,0,2.7,0,0,0,35.4,0,0,0,0,1.9,400,0,0,62.6,0.7,0,44.6,0,39.1,0,358.2,0,0,81.5,0,46.4,8.6,0,0,0,1.9,0,0,0,0,10.8,0,133.6,275.8,0,1567.9,0,0,0,0,0,0,0,0,0,0.2,0,531,0,0,2.7,0,0,44.6,38.3,0,0,4814,0,0,0,0,0,0,0,0,0,0,0,0,0,0,0,0,0,0,0,0,0,0
66,tangerines,Exports,2014,0,568.2,0,0,88.7,1916.9,31.8,0,0,0,0,0,0,14.1,0,0,0,0,0,2,0,0,1,0,3.1,56,10.4,749.2,0,0,0,0,46.3,0,19.9,0,0,0,0,0,0,5.8,22.5,0,0,2087.5,0,0,36.5,22.6,19.1,0,85.9,0.3,0,0,0.6,0,0,3.8,0,58.3,90.8,1,0,9.7,0,0,2.9,0,0,0,32.2,0,0,0,0,2.2,391.4,0,0,62.4,1,0,37.2,0,32.8,0,361.7,0,0,100.6,0,38,7,0,0,0,3.7,0,0,0,0,13.1,0,153.2,294,0,1584,0,0,0,0,0,0,0,0,0,0,0,633.3,0,0,7.9,0,0,37.2,42.7,0,0,4940.7,0,0,0,0,0,0,0,0,0,0,0,0,0,0,0,0,0,0,0,0,0,0
67,tangerines,Exports,2015,0,598.6,0,0,53.2,1819.9,51.8,0,0,0,0,0,0,15.4,0,0,0,0,0,3.5,0,0,0.5,0,3.3,76.8,16.6,696.1,0,0,0,0,16.2,0,11.3,0,0,0,0,0,0,0.8,40.1,0,0,2023.1,0,0,37.2,24.6,21.5,0,96.4,0.4,0,0,0.3,0,0,3.2,0,54.8,84.9,0.5,0,2.7,0,0,4.8,0,0,0,31.2,0,0,0,0,2.6,428,0,0,71.5,0.8,0,45.9,0,52.6,0,407.3,0,0,101.7,0,30.4,13.6,0,0,0,4.9,0,0,0,0,12.7,0,128.9,268.6,0,1530.3,0,0,0,0,0,0,0,0,0,0,0,559.8,0,0,6.8,0,0,45.9,35.6,0,0,4812.5,0,0,0,0,0,0,0,0,0,0,0,0,0,0,0,0,0,0,0,0,0,0
68,tangerines,Exports,2016,0,743.8,0,0,49.7,1900.9,53.1,0,0,0,0,0,0,13.2,0,0,0,0,0,3.9,0,0,0.9,0,6,96.6,24.8,646.4,0,0,0,0,45.1,0,11.3,0,0,0,0,0,0,0.1,50.7,0,0,2041.5,0,0,36.8,27.4,18.5,0,127.5,0.1,0,0,0.9,0,0,6.8,0,110.7,94.8,0.9,0,1.7,0,0,9.8,0,0,0,21,0,0,0,0,5,498.7,0,0,103.5,0.4,0,40.4,0,53.5,0,353.9,0,0,111.9,0,27.6,11.9,0,0,0,5.9,0,0,0,0,10.8,0,189.6,294,0,1471.5,0,0,0,0,0,0,0,0,0,0,0,672.7,0,0,6.8,0,0,40.4,35.4,0,0,5081,0,0,0,0,0,0,0,0,0,0,0,0,0,0,0,0,0,0,0,0,0,0
69,tangerines,Exports,2017,0,876.5,0,0,40.9,1673.5,69.8,0,0,0,0,0,0,10.7,0,0,0,0,0,8,0,0,0.6,0,6.9,117,25.8,502.6,0,0,0,0,19.3,0,10.2,0,0,0,0,0,0,4.2,158.4,0,0,1871.3,0,0,40.1,23.9,13.6,0,92.2,0,0,0,1.1,0,0,6.1,0,130.6,93.9,0.6,0,1.6,0,0,18.3,0,0,0,17,0,0,0,0,5.8,504.9,0,0,115.1,0.4,0,38,0,70.2,0,233,0,0,143.2,0,24.5,13.2,0,0,0,7.8,0,0,0,0,12.3,0,209.8,341.5,0,1367.3,0,0,0,0,0,0,0,0,0,0,0,698.5,0,0,2.6,0,0,38,35.4,0,0,4878.5,0,0,0,0,0,0,0,0,0,0,0,0,0,0,0,0,0,0,0,0,0,0
70,tangerines,Exports,2018,0,1076.2,0,0,22.9,2035.6,64.9,0,0,0,0,0,0,11,0,0,0,0,0,10.1,0,0,1.2,0,6.2,170.2,26.5,647,0,0,0,0,32.3,0,9.2,0,0,0,0,0,0,3.1,261.9,0,0,1887.5,0,0,30.2,22.9,14.9,0,92.6,0,0,0,1.4,0,0,11.5,0,117.4,77.6,1.2,0,0.9,0,0,15.6,0,0,0,16.5,0,0,0,0,4.8,552.5,0,0,91.7,0.1,0,29.3,0,65,0,392,0,0,140.6,0,26.9,20,0,0,0,9.8,0,0,0,0,9.7,0,260.9,357.4,0,1406.5,0,0,0,0,0,0,0,0,0,0,0,762.6,0,0,7.9,0,0,29.3,19.7,0,0,5458.4,0,0,0,0,0,0,0,0,0,0,0,0,0,0,0,0,0,0,0,0,0,0
71,tangerines,Exports,2019,0,940.5,0,0,23.9,2058.7,86.9,0,0,0,0,0,0,11.2,0,0,0,0,0,10.9,0,0,1.2,0,6.2,143.8,34.8,640,0,0,0,0,22.3,0,6.8,0,0,0,0,0,0,2.7,178.5,0,0,1904.8,0,0,34.6,35.6,15.9,0,98.2,0,0,0,1.4,0,0,11.5,0,126.6,62.9,1.2,0,1.1,0,0,15.6,0,0,0,14,0,0,0,0,4.8,465.5,0,0,90.5,0.175,0,37.5,0,87.075,0,405,0,0,182.8,0,19.8,18.4,0,0,0,9.5,0,0,0,0,10,0,295.6,375.5,0,1448.7,0,0,0,0,0,0,0,0,0,0,0,752,0,0,7.9,0,0,37.5,21.4,0,0,5411.475,0,0,0,0,0,0,0,0,0,0,0,0,0,0,0,0,0,0,0,0,0,0
72,tangerines,Imports,2011,102.9,8.5,0,0,0,861.1,2.9,42.3,0,0,22.3,0.4,0,65.5,0,0,0,0,5.5,0,0,123.9,0.5,0,3.1,0,22.2,13,0,13.3,0,0,0,0,0,57.6,0,0,0,0,0,0,0,0.3,0,3033.5,0,0,336.3,0,383,0,0,0.3,0,0,0,0,182.3,0,0,0,82.9,0,21.3,0,51.6,0,11.6,0,0,0,0,0,0,72.8,0,1.5,0,0,0,191.4,3.5,0,264.7,0,6.7,0,0,0,0,0,46.7,166.5,0,0,0,36.6,739.3,59.3,0,0,19.8,0,0,0.8,22.8,0,0,0,0,0,0,53.1,41.4,0,73.8,0,0,0,7.5,0,181.9,21.8,265,0,140.7,0,0,0,4200.4,0,0,0,0,0,0,0,0,0,0,0,0,0,0,0.1,7,0.1,1.7,0,0,0,0
73,tangerines,Imports,2012,169.7,12.6,0,0,0,947.7,2.7,46.9,0,0.1,24,0.2,0,67,0,0,0,0,6,0,0,129.9,0.4,0,3.5,0,20.3,8.2,0,11,0,1.1,0,0,0,61.5,0,0,0,0,0,0,0,0.3,0,3148.4,0,0,361.2,0,397.3,0,0,0.4,0,0,0,0,179.4,0,0,0,95.1,0,20.3,0,65.9,0,11.6,0,0,0,0,0,0,59.3,0,1.1,0,0,0,184.2,3.8,0,274.1,0,7,0,0,0,0,0,72.6,180.1,0,0,0,43,762.8,58.6,0,0,17.5,0,0,0.9,20.8,0,0,0,0,0,0,55.2,43.4,0,144.8,0,0,0,9.7,0,175.7,20.4,267.2,0,144.1,0,0,0,4414.1,0,0,0,0,0,0,0,0,0,0,0,0,0,0,0.1,10.2,0.2,2.2,0,0,0,0
74,tangerines,Imports,2013,138.4,12.3,0,0,0,850.7,4.2,43.8,0,0.2,16.8,0.3,0,72.8,0,0,0,0,9,0,0,129.7,0.5,0,5.4,0,11.2,12.7,0,4.1,0,1.1,0,0,0,51.3,0,0,0,0,0,0,0,0.5,0,3141.1,0,0,334,0,361.6,0,0,0.5,0,0,0,0,76.2,0,0,0,89.2,0,16.9,0,84.2,0,19,0,0,0,0,0,0,77.8,0,2.3,0,0,0,186.4,5.9,0,284.7,0,10.6,0,0,0,0,0,57.7,146.9,0,0,0,48.1,838.8,72,0,0,21.6,0,0,1.4,17.5,0,0,0,0,0,0,50.7,40.8,0,142.6,0,0,0,10.7,0,215.7,26.6,274.5,0,154.9,0,0,0,4322.3,0,0,0,0,0,0,0,0,0,0,0,0,0,0,0,11.3,0.3,2.2,0,0,0,0
75,tangerines,Imports,2014,117.3,21.9,0,0,0,1167.1,2.1,47.1,0,0.1,24.7,0.3,0,73.5,0,0,0,0,9.2,0,0,123.2,0.5,0,6.3,0,16.2,17.3,0,7.8,0,1,0,0,0,52.6,0,0,0,0,0,0,0,1,0,3199.6,0,0,355.4,0,384.9,0,0,1.4,0,0,0,0,116.4,0,0,0,79.2,0,10.3,0,72.9,0,23.8,0,0,0,0,0,0,60.3,0,1.7,0,0,0,183.8,4.9,0,301.8,0,7.6,0,0,0,0,0,49.8,146,0,0,0,53.7,846.6,74.3,0,0,20.4,0,0,0.9,21.3,0,0,0,0,0,0,52.7,42.7,0,148.2,0,0,0,16,0,158.1,107.1,297.5,0,178.5,0,0,0,4725.6,0,0,0,0,0,0,0,0,0,0,0,0,0,0,0.1,13.2,2,2.8,0,0,0,0
76,tangerines,Imports,2015,164.9,20.2,0,0,0,1240.1,4.3,43.9,0,0.1,14,0.3,0,71.7,0,0,0,0,8.6,0,0,146,0.6,0,7.5,0,18,19.6,0,2.5,0,1.3,0,0,0,56.1,0,0,0,0,0,0,0,0.8,0,3127.1,0,0,351.4,0,395.8,0,0,2.2,0,0,0,0,82.3,0,0,0,100,0,11.6,0,63.7,0,16.8,0,0,0,0,0,0,72.3,0,1.6,0,0,0,185.6,6.9,0,366.3,0,11.9,0,0,0,0,0,52.6,151.5,0,0,0,60.3,768.7,65.5,0,0,22.1,0,0,1.5,13,0,0,0,0,0,0,53.1,44.7,0,125.2,0,0,0,19.2,0,112.5,101.7,301.8,0,220.2,0,0,0,4786.1,0,0,0,0,0,0,0,0,0,0,0,0,0,0,0.1,11.5,4.9,2.2,0,0,0,0
77,tangerines,Imports,2016,138.1,15.7,0,0,0,1292.5,2.9,47.1,0,0.1,13.2,0.4,0,76.8,0,0,0,0,9.1,0,0,145.8,0.7,0,9.1,0,28,27.2,0,1.8,0,1.6,0,0,0,60.2,0,0,0,0,0,0,0,1.2,0,3256.2,0,0,368.1,0,410.7,0,0,2.5,0,0,0,0,39.6,0,0,0,76.1,0,17.4,0,56.9,0,27.8,0,0,0,0,0,0,74.7,0,2.1,0,0,0,203.5,5.2,0,365.2,0,8.8,0,0,0,0,0,77.1,160.3,0,0,0,73.3,763.3,66.8,0,0,22.6,0,0,1.2,12.4,0,0,0,0,0,0,58.4,44.3,0,135.6,0,0,0,22.4,0,145.4,87.1,315.5,0,219.2,0,0,0,4959.9,0,0,0,0,0,0,0,0,0,0,0,0,0,0,0.1,11.1,4.8,2.1,0,0,0,0
78,tangerines,Imports,2017,87.1,16.5,0,0,0,966.6,4.3,38,0,0.1,15.7,0.3,0,70.2,0,0,0,0,8.4,0,0,152.9,0.9,0,9.4,0,28.4,52,0,6,0,1.8,0,0,0,51.1,0,0,0,0,0,0,0,1.5,0,3120.1,0,0,354.9,0,376.8,0,0,1.4,0,0,0,0,80.6,0,0,0,89.6,0,18.8,0,43.6,0,22.3,0,0,0,0,0,0,55,0,3,0,0,0,178.9,6.7,0,425.9,0,11.6,0,0,0,0,0,67.1,162.7,0,0,0,66.1,811.4,53.2,0,0,16.8,0,0,1.4,17,0,0,0,0,0,0,59.8,44,0,88.2,0,0,0,24.7,0,133,15.6,281.7,0,272.9,0,0,0,4567.1,0,0,0,0,0,0,0,0,0,0,0,0,0,0,0.2,6.4,3.2,2.2,0,0,0,0
79,tangerines,Imports,2018,87.1,13.2,0,0,0,747,3.5,42.1,0,0.1,15.6,0.3,0,66.8,0,0,0,0,8.8,0,0,152.1,0.5,0,8.9,0,22.6,52,0,4.8,0,1.7,0,0,0,51.3,0,0,0,0,0,0,0,1.5,0,3299.5,0,0,370.5,0,387.2,0,0,1.7,0,0,0,0,73.5,0,0,0,86.8,0,15.1,0,43.6,0,18.9,0,0,0,0,0,0,62,0,2.5,0,0,0,197.2,6.2,0,446.2,0,10.2,0,0,0,0,0,69,161.1,0,0,0,66.1,854.9,61.3,0,0,19.6,0,0,1.4,16.3,0,0,0,0,0,0,58.2,44.9,0,88.2,0,0,0,27.5,0,217.2,20,281.7,0,294,0,0,0,4541.3,0,0,0,0,0,0,0,0,0,0,0,0,0,0,0.1,12,2.6,2,0,0,0,0
80,tangerines,Imports,2019,87.1,13.4,0,0,0,732.2,4.5,42.1,0,0.1,15.6,0.3,0,69.1,0,0,0,0,9.3,0,0,149.6,0.5,0,9,0,21,52,0,4.8,0,1.7,0,0,0,55.2,0,0,0,0,0,0,0,1.5,0,3372,0,0,372.4,0,387.2,0,0,1.7,0,0,0,0,73.5,0,0,0,86.8,0,12.6,0,43.6,0,18.9,0,0,0,0,0,0,61.9,0,2.5,0,0,0,200.3,6.2,0,453.7,0,11.2,0,0,0,0,0,71.7,161.1,0,0,0,68.9,897.8,61.3,0,0,19.6,0,0,1.5,16.7,0,0,0,0,0,0,58.9,45.7,0,68.4,0,0,0,30.4,0,229,21.1,281.7,0,304,0,0,0,4608.2,0,0,0,0,0,0,0,0,0,0,0,0,0,0,0.1,12.7,2.2,2,0,0,0,0
90,lemons and limes,Production,2011,0,1118.6,0,71.9,1756.4,5847.7,30.2,0,0,3.1,54.6,0,0,0,0,0,0,22.2,1126.7,0,0,0,105.7,0,2320.5,158.4,0,1799.9,23.8,92.6,0,29.2,0,6.6,14.1,0,0,0,0,0,25.8,0,296.8,13.3,0,1319,0,0,3.9,0,0,45,80,120.7,0,36.5,9.6,2108,0,384.1,6,62.7,483.1,0,7,26.3,0,12.2,0,11,93.3,17.6,0,0,12.3,4.5,24.5,2147.7,24,0,29,0,5.8,0,835,0,38.7,6.5,79.3,0,0,224.7,0,0,13.1,0,0,0,0,0,0,0,0,0,0,260.6,3497.2,0,736.2,5.5,14.2,229,0,0,0,0,120.1,0,2.3,47.5,790.2,0,0,0,0,8.5,835,38.2,58.7,0,15082.4,24.4,15.7,0,0,0,0,0,0,0,0,0,0,0,0,0,0,0,0,161.6,0,0,0
91,lemons and limes,Production,2012,0,1134.4,0,76.1,1456.1,6143.7,28.8,0,0,3.1,63.3,0,0,0,0,0,0,23.9,1208.3,0,0,0,110,0,2250.5,156.7,0,1965.4,22.8,117.8,0,30.8,0,6.5,11.3,0,0,0,0,0,21.5,0,303.8,21.3,0,1126.9,0,0,3.7,0,0,46,77.1,117.3,0,44.2,10.3,2272.1,0,406.3,6.3,68.6,346.3,0,8.7,26.5,0,13.8,0,6.2,103.7,18.5,0,0,12.4,6.1,26.5,2070.8,27.3,0,30.5,0,6,0,771,0,37.1,6.3,86,0,0,232.7,0,0,13.2,0,0,0,0,0,0,0,0,0,0,241,3329.7,0,683.6,6.1,13.9,240,0,0,0,0,129.9,0,2.3,49,710.2,0,0,0,0,10,771,46.9,67.8,0,14903.3,25,15.5,0,0,0,0,0,0,0,0,0,0,0,0,0,0,0,0,147.6,0,0,0
92,lemons and limes,Production,2013,0,1165,0,81,1486,6547.4,29.3,0,0,3,67,0,0,0,0,0,0,25.2,1169.4,0,0,0,113.7,0,2318.8,157.6,0,2056.6,30.8,122,0,32.4,0,5,9.5,0,0,0,0,0,24.3,0,302.5,17.3,0,1139.2,0,0,4.4,0,0,46.4,75,119.4,0,46.6,11,2523.5,0,427.7,7.2,71.4,327.3,0,9.4,26.8,0,25.6,0,4,103.8,19,0,0,12.6,9.3,29,2138.7,28.1,0,28.9,0,6.2,0,827,0,38.1,6.2,83.8,0,0,239,0,0,14,0,0,0,0,0,0,0,0,0,0,257,3323.9,0,715.3,6.2,13.6,242.4,0,0,0,0,128.9,0,2.4,44,726.3,0,0,0,0,11.2,827,32.8,69.2,0,15473.1,25.2,16.5,0,0,0,0,0,0,0,0,0,0,0,0,0,0,0,0,161.4,0,0,0
93,lemons and limes,Production,2014,0,1260.4,0,85.6,953.9,7049.8,29.3,0,0,2.5,70,0,0,0,0,0,0,31.8,1101.8,0,0,0,124.4,0,2387,134.2,0,2167,36.5,142.9,0,34,0,7.9,11.3,0,0,0,0,0,31.7,0,303.8,15,0,1543,0,0,4.1,0,0,46.5,59.3,122,0,49,10.9,2835,0,481.1,7.6,70,370.5,0,7.7,26.1,0,15.4,0,4.5,104.2,20.2,0,0,12.7,7.5,36.4,2205.1,26.5,0,32.2,0,6.7,0,748,0,38.7,5.9,85.4,0,0,275.5,0,0,14.7,0,0,0,0,0,0,0,0,0,0,328.4,2766.6,0,1090.7,6.6,13.3,243,0,0,0,0,141.1,0,2.5,59.5,725.2,0,0,0,0,12.4,748,31.1,72.6,0,15917.9,26,17.1,0,0,0,0,0,0,0,0,0,0,0,0,0,0,0,0,161.9,0,0,0
94,lemons and limes,Production,2015,0,1342.2,0,72.6,1561.6,7325,27.8,0,0,2.2,68.7,0,0,0,0,0,0,32.2,1180.4,0,0,0,114.7,0,2531.2,145.3,0,2283.3,38.7,156.1,0,35.7,0,6.6,15.2,0,0,0,0,0,31,0,352.5,16.2,0,1249.5,0,0,4.2,0,0,47.3,61,125.2,0,40.2,11.3,2950,0,493.5,4.4,62,388.4,0,7.7,33.1,0,17.3,0,5.6,100.5,20.4,0,0,13.2,7.6,34.9,2342.8,29.6,0,32.2,0,6.6,0,820,0,37.7,6.2,95.8,0,0,281,0,0,15.5,0,0,0,0,0,0,0,0,0,0,353.2,3491.1,0,777.1,6.6,13,269.5,0,0,0,0,139.5,0,2.3,49.5,750.5,0,0,0,0,15.3,820,36.2,73,0,16911.4,23.3,16.9,0,0,0,0,0,0,0,0,0,0,0,0,0,0,0,0,162.3,0,0,0
95,lemons and limes,Production,2016,0,1331.1,0,74.4,1678.3,7431.2,46.8,0,0,2.1,65.2,0,0,0,0,0,0,32.3,1234.7,0,0,0,55.6,0,2632,135,0,2258.9,36.3,155.7,0,37.3,0,7.9,8.2,0,0,0,0,0,26.4,0,348.1,18.1,0,1490.9,0,0,12.9,0,0,50.2,64.8,135.8,0,10,11,2438,0,449.2,4.5,73,435.5,0,7.6,31.7,0,18.5,0,5.6,105.1,21.2,0,0,12.4,7.1,27.5,2429.8,40.1,0,32,0,6.3,0,820,0,54.4,6.2,93.8,0,0,270.3,0,0,15.4,0,0,0,0,0,0,0,0,0,0,325.8,3655.7,0,957.6,257.2,12.6,270.1,0,0,0,0,147.5,0,2.5,58,850.6,0,0,0,0,16.1,820,35.7,71.8,311.6,17470.9,23.1,17.1,0,0,0,0,0,0,0,0,0,0,0,0,0,0,0,0,182.6,0,0,0
96,lemons and limes,Production,2017,0,1454.6,0,77.8,1676,7596.5,40.1,0,0,2.2,69.1,0,0,0,0,0,0,32.8,1293.8,0,0,0,78.4,0,2727.2,144.8,0,2316.9,36.4,208.1,0,38.9,0,9.5,6.2,0,0,0,0,0,31.7,0,335.8,18.1,0,1457.7,0,0,16.6,0,0,51.3,76.2,130.8,0,25.8,11.2,2364,0,443.3,4.4,74.8,418.1,0,7.8,34.6,0,18.2,0,5.9,105.5,21.6,0,0,13.6,7,35.5,2528.2,39.7,0,36.8,0,6.1,0,800,0,47.1,6.4,91.6,0,0,167.7,0,0,15.4,0,0,0,0,0,0,0,0,0,0,446.5,3678.6,0,927.7,247.7,12.3,271.1,0,0,0,0,152.9,0,2.5,57.6,1007.1,0,0,0,0,17.6,800,38,71.8,341.8,17840.1,23.1,17.3,0,0,0,0,0,0,0,0,0,0,0,0,0,0,0,0,179.8,0,0,0
97,lemons and limes,Production,2018,0,1429.4,0,78.8,1395.4,7804.4,33.2,0,0,2.2,69.1,0,0,0,0,0,0,32.5,1481.3,0,0,0,76.7,0,2666.9,143.6,0,2316.9,36.4,237.9,0,39.7,0,9.4,6.4,0,0,0,0,0,31,0,333.1,32,0,1624.1,0,0,16.6,0,0,52.5,74.9,130.1,0,24.8,11.2,2387.5,0,443.3,4.4,71,424.6,0,7.8,35.3,0,20,0,5.9,101.5,21.5,0,0,15.4,6.6,39.8,2453.9,44.9,0,36.4,0,6.1,0,806,0,40.2,7.1,83.3,0,0,258.2,0,0,16.4,0,0,0,0,0,0,0,0,0,0,404.2,3695.5,0,1087.2,316.3,12.5,272,0,0,0,0,152.3,0,2.7,59.4,1100,0,0,0,0,19.2,806,37.9,71.8,366,18143.2,23.1,17.4,0,0,0,0,0,0,0,0,0,0,0,0,0,0,0,0,193,0,0,0
98,lemons and limes,Production,2019,0,1607.5,0,87,1904.8,9152.3,33.6,0,0,1.9,67.1,0,0,0,0,0,0,32.8,1511.2,0,0,0,81,0,2911,172.1,0,2666.1,46.1,334.7,0,39.5,0,3.5,5.7,0,0,0,0,0,37.8,0,338,18.7,0,1444.4,0,0,10,0,0,53.8,82.3,126,0,25,25,3482,0,471,2,75.6,446,0,12,33,0,25.9,0,7.6,105.4,22.4,0,0,15.2,6.5,49.2,2701.8,44.9,0,45.7,0,6,0,876.3,0,42.8,7.2,77.6,0,0,301.9,0,0,16.5,0,0,0,0,0,0,0,0,0,0,510.5,4414.5,0,884.9,316.3,14.5,324.4,0,0,0,0,152,0,2.9,54.3,950,0,0,0,0,10,876.3,47.4,73.5,366,20529.8,25.7,17.5,0,0,0,0,0,0,0,0,0,0,0,0,0,0,0,0,193,0,0,0
99,lemons and limes,Exports,2011,0,188.1,0,0,255.1,602.3,0.3,14.8,0,0,0,0,0,7.2,0,0,0,0,66.5,0,0,0,3,0,484.3,46.6,6.7,7.3,0,2.2,0,0,0,0,0,0,0,0,0,0,3,0,16.3,0,0,747.3,0,0,10.3,0,24.4,0,2.6,10.8,0,0,0.8,24.7,0,0,0,0,41.7,0,0,0,0,0,0,0,0,0,0,0,0,0,0,469.7,4.3,0,0,120.7,1.3,0,111,0,1.6,0,0,0,0,0,0,0,3,0,0,0,0,0,0,0,0,0,0,165,393.7,0,483.7,0,0,0,0,0,0,0,0,0,0,0.4,487,0,0,1.6,0,0,111,14.1,0,0.8,2531.3,0,0,0,0,0,0,0,0,0,0,0,0,0,0,0,0,0,0,0,0,0,0
100,lemons and limes,Exports,2012,0,204.7,0,0,269.5,487.5,0.4,9.1,0,0,0,0,0,10.1,0,0,0,0,72.8,0,0,0,4.1,0,635.3,39.5,7.5,13.2,0,2.9,0,0,0,0,0,0,0,0,0,0,4.1,0,15.2,0,0,856,0,0,11.9,0,18.4,0,6.1,7.3,0,0,1.1,21.8,0,0,0,0,38.4,0,0,0,0,0,0,0,0,0,0,0,0,0,0,625.2,20.5,0,0,142.1,1.2,0,114.2,0,1.6,0,0,0,0,0,0,0,4.4,0,0,0,0,0,0,0,0,0,0,165.8,407.5,0,564.6,0,0,0,0,0,0,0,0,0,0,0.3,367.5,0,0,2.4,0,0,114.2,13.8,0,0.7,2710.9,0,0,0,0,0,0,0,0,0,0,0,0,0,0,0,0,0,0,0,0,0,0
101,lemons and limes,Exports,2013,0,211.6,0,0,282.8,547.2,1.1,9.5,0,0,0,0,0,12,0,0,0,0,78.6,0,0,0,4.7,0,541.6,33.8,7.3,14.9,0,2.7,0,0,0,0,0,0,0,0,0,0,4.7,0,18.2,0,0,830.7,0,0,10.4,0,22.6,0,6.7,7.5,0,0,1.6,21.9,0,0,0,0,39.7,0,0,0,0,0.1,0,0,0,0,0,0,0,0,0,531.5,15.2,0,0,137.7,1.1,0,140.3,0,2.2,0,0,0,0,0,0,0,3.7,0,0,0,0,0,0,0,0,0,0,176,416.9,0,543.7,0,0,0,0,0,0,0,0,0,0,0.2,409.8,0,0,4.2,0,0,140.3,12.2,0,2.5,2695.2,0,0,0,0,0,0,0,0,0,0,0,0,0,0,0,0,0,0,0,0,0,0
102,lemons and limes,Exports,2014,0,272.3,0,0,150.6,544.6,1.9,10.6,0,0,0,0,0,10.2,0,0,0,0,92.3,0,0,0,1.7,0,532.4,43.2,36.8,4.7,0,6.2,0,0,0,0,0,0,0,0,0,0,1.7,0,28.9,0,0,932.2,0,0,12.4,0,21,0,6.9,5.8,0,0,1.4,19.1,0,0,0,0,45,0,0,0,0,0.6,0,0,0,0,0,0,0,0,0,524.1,7.4,0,0,124.3,2.7,0,148.9,0,4.6,0,0,0,0,0,0,0,6,0,0,0,0,0,0,0,0,0,0,219.4,317,0,644,0,0,0,0,0,0,0,0,0,0,2.7,408.5,0,0,10.3,0,0,148.9,17.2,0,6.4,2753.7,0,0,0,0,0,0,0,0,0,0,0,0,0,0,0,0,0,0,0,0,0,0
103,lemons and limes,Exports,2015,0,277.4,0,0,184.8,588.5,3.3,11.1,0,0,0,0,0,12.8,0,0,0,0,96.6,0,0,0,1.2,0,630.9,63.7,14.6,14.2,0,6.4,0,0,0,0,0,0,0,0,0,0,1.2,0,25.2,0,0,982.1,0,0,14.8,0,26.9,0,6.1,4.7,0,0,1.4,18.8,0,0,0,0,41,0,0,0,0,0.2,0,0,0,0,0,0,0,0,0,623.7,7.7,0,0,147.2,2.3,0,128.5,0,5.6,0,0,0,0,0,0,0,7.8,0,0,0,0,0,0,0,0,0,0,228.9,379,0,636.4,0,0,0,0,0,0,0,0,0,0,1,471.1,0,0,10.2,0,0,128.5,15.2,0,12.8,2993.2,0,0,0,0,0,0,0,0,0,0,0,0,0,0,0,0,0,0,0,0,0,0
104,lemons and limes,Exports,2016,0,293.3,0,0,279.3,608.5,3.7,9.5,0,0,0,0,0,12.3,0,0,0,0,95.7,0,0,0,1.4,0,677.1,77.3,18.7,42.9,0,9.1,0,0,0,0,0,0,0,0,0,0,1.4,0,27,0,0,953.6,0,0,13.9,0,21,0,23.2,5.1,0,0,2.9,15.2,0,0,0,0,46.9,0,0,0,0,0,0,0,0,0,0,0,0,0,0,667.6,10.6,0,0,218.6,3.4,0,135.2,0,7.1,0,0,0,0,0,0,0,12,0,0,0,0,0,0,0,0,0,0,236.9,486.8,0,547.4,0,0,0,0,0,0,0,0,0,0,4,448.8,0,0,14.8,0,0,135.2,14.9,0,24.2,3163,0,0,0,0,0,0,0,0,0,0,0,0,0,0,0,0,0,0,0,0,0,0
105,lemons and limes,Exports,2017,0,381.5,0,0,241.1,633.3,3,8.2,0,0,0,0,0,12.2,0,0,0,0,92.4,0,0,0,1.3,0,744.5,76.8,19.5,20.4,0,16.5,0,0,0,0,0,0,0,0,0,0,1.3,0,62.2,0,0,1078.7,0,0,18.7,0,19.1,0,8.1,6.4,0,0,3,16.4,0,0,0,0,47.9,0,0,0,0,1.6,0,0,0,0,0,0,0,0,0,733.9,11.8,0,0,212.4,2.8,0,133.8,0,5.8,0,0,0,0,0,0,0,13,0,0,0,0,0,0,0,0,0,0,299.3,452.1,0,689.8,0,0,0,0,0,0,0,0,0,0,0.7,470.6,0,0,20.3,0,0,133.8,14.5,0,38.1,3431,0,0,0,0,0,0,0,0,0,0,0,0,0,0,0,0,0,0,0,0,0,0
106,lemons and limes,Exports,2018,0,474.4,0,0,272.4,700.2,3.5,8.3,0,0,0,0,0,5.9,0,0,0,0,97.7,0,0,0,1.3,0,746.9,88.3,12,44.1,0,20.4,0,0,0,0,0,0,0,0,0,0,1.3,0,141.8,0,0,1019,0,0,20.6,0,20.6,0,13.9,8.7,0,0,3.3,13.3,0,0,0,0,47.7,0,0,0,0,1.2,0,0,0,0,0,0,0,0,0,733.7,10.3,0,0,227.1,3.2,0,115.8,0,6.7,0,0,0,0,0,0,0,19.7,0,0,0,0,0,0,0,0,0,0,315.2,506.6,0,603.1,0,0,0,0,0,0,0,0,0,0,1.6,521.1,0,0,15.2,0,0,115.8,14.8,0,52,3570.9,0,0,0,0,0,0,0,0,0,0,0,0,0,0,0,0,0,0,0,0,0,0
107,lemons and limes,Exports,2019,0,532.1,0,0,234.4,665.5,3.4,8.2,0,0,0,0,0,4.3,0,0,0,0,105.1,0,0,0,1,0,770.8,90.3,7.8,79.4,0,23.9,0,0,0,0,0,0,0,0,0,0,1,0,159,0,0,1132.3,0,0,16.1,0,17.7,0,14.7,5.9,0,0,2.9,20.6,0,0,0,0,49.2,0,0,0,0,1.8,0,0,0,0,0,0,0,0,0,761,15.3,0,0,212.7,3.3,0,123.6,0,6.7,0,0,0,0,0,0,0,20.3,0,0,0,0,0,0,0,0,0,0,350.2,486.9,0,740.1,0,0,0,0,0,0,0,0,0,0,1.5,473.1,0,0,10.1,0,0,123.6,15.4,0,30,3718.9,0,0,0,0,0,0,0,0,0,0,0,0,0,0,0,0,0,0,0,0,0,0
108,lemons and limes,Imports,2011,0,6.1,0,0,0,413.5,4.4,42,0,1,0,0.3,0,27.5,0,0,0,0,2,13.8,0,79.4,2,0,3.4,8.8,24.8,0,0,0,0,0,0,0,0,32.1,0,0,0,0,0,2.4,0,0,0,1443.1,0,0,121.2,0,148.8,0,29.5,0,0,0,0,0,0,0,62.4,0,103.7,0,53.8,0,0,0,11.4,0,0,0,0,0,0,7.6,0,2.4,0,0,0,159.2,0.6,0,499.6,0,5,0,0,0,0.9,0,0,89.4,11.2,0,0,38.5,226.6,92.8,0,0,0,0,0,0.1,19.2,0,42.6,0,0,0,0,24.8,18.4,0,0,0,0,0,0,0,62.2,54.5,107.6,0,419.9,0.6,0,0,2391.9,0,0,0,0,0,0,0,0,0,0,0,0,0,0,0.4,0,0,0.7,0,1.1,0,0
109,lemons and limes,Imports,2012,0,6.8,0,0,0,416.2,5.6,36.3,0,1.2,0,0.3,0,29.6,0,0,0,0,2.4,13,0,90.4,2.3,0,2.3,4.5,25,0,0,0,0,0,0,0,0,32.2,0,0,0,0,0,1.8,0,0,0,1486.8,0,0,137.7,0,149.4,0,30.3,0,0,0,0,0,0,0,57.7,0,109.8,0,55.9,0,0,0,13.6,0,0,0,0,0,0,9.4,0.1,1.4,0,0,0,180.5,1.4,0,570,0,7,0,0,0,0.9,0,0,99,10.9,0,0,37,203.1,71.6,0,0,0,0,0,0.1,14.8,0,59.7,0,0,0,0,22.8,19,0,0,0,0,0,0,0,62.3,66.3,110.1,0,479.2,0.5,0,0,2506.2,0,0,0,0,0,0,0,0,0,0,0,0,0,0,0.1,0,0,0.7,0,1.1,0,0
110,lemons and limes,Imports,2013,0,9.3,0,0,0,460,8.2,40.7,0,1.4,0,0.3,0,33,0,0,0,0,2.7,15,0,102,2.1,0,2.3,5.8,30.5,0,0,0,0,0,0,0,0,34,0,0,0,0,0,1.2,0,0,0,1495.7,0,0,134.4,0,151.8,0,24.9,0,0,0,0,0,0,0,54.6,0,95.7,0,51.5,0,0,0,27.4,0,0,0,0,0,0,12.3,0.1,1.2,0,0,0,181.1,1.3,0.3,588.9,0,9.5,0,0,0,1,0,0,94.4,16,0,0,37.4,210.4,68.3,0,0,0,0,0,0.4,13.8,0,56.1,0,0,0,0,24.1,19.5,0,0,0,0,0,0,0,62.8,85.1,116,0,486.7,0.5,0,0,2581.6,0,0,0,0,0,0,0,0,0,0,0,0,0,0,0.2,0,0,0.8,0,1,0,0
111,lemons and limes,Imports,2014,0,14.4,0,0,0,557.9,7.6,36.3,0,0.8,0,0.3,0,32.6,0,0,0,0,2.9,15.5,0,95.6,1.9,0,4.1,7.2,70.5,0,0,0,0,0,0,0,0,33.8,0,0,0,0,0,4.2,0,0,0,1457.3,0,0,136,0,151.6,0,20.9,0,0,0,0,0,0,0,60,0,96.5,0,49.3,0,0,0,25.8,0,0,0,0,0,0,15.1,0.2,2.9,0,0,0,162.4,1.2,0.4,599.5,0,8.9,0,0,0,0.7,0,0,93.6,15.8,0,0,40.6,209.4,87.8,0,0,0,0,0,0.7,16.9,0,40.9,0,0,0,0,23.9,20.6,0,0,0,0,0,0,0,52.9,100.2,113.7,0,503,0.8,0,0,2660.9,0,0,0,0,0,0,0,0,0,0,0,0,0,0,0.7,0,0,1,0,0.9,0,0
112,lemons and limes,Imports,2015,0,13.1,0,0,0,605.7,7.3,41,0,1,0,0.3,0,39.7,0,0,0,0,2.4,21.4,0,88.9,2.1,0,3.5,5.5,41.8,0,0,0,0,0,0,0,0,39.8,0,0,0,0,0,3,0,0,0,1628.9,0,0,147.6,0,170.5,0,22.3,0,0,0,0,0,0,0,89.6,0,121.5,0,50.7,0,0,0,27.4,0,0,0,0,0,0,18.3,0.3,1.6,0,0,0,191.1,1.8,0.8,684.3,0,9.2,0,0,0,1.3,0,0,105.7,14.1,0,0,51,200.3,104.1,0,0,0,0,0,0.4,14.3,0,48.6,0,0,0,0,27,22.8,0,0,0,0,0,0,0,39.8,118.1,130.2,0,595,0.8,0,0,2961.1,0,0,0,0,0,0,0,0,0,0,0,0,0,0,0.7,0,0,1.3,0,1,0,0
113,lemons and limes,Imports,2016,0,13,0,0,0,589.6,8.1,39.3,0,1.2,0,0.4,0,42,0,0,0,0,1.4,23.8,0,102.1,2.3,0,5.5,5.9,37.6,0,0,0,0,0,0,0,0,36.8,0,0,0,0,0,1.7,0,0,0,1717.4,0,0,156.1,0,178.3,0,17.8,0,0,0,0,0,0,0,80.3,0,112,0,51.5,0,0,0,28.3,0,0,0,0,0,0,22,0.3,2.6,0,0,0,238,2,1.6,743.3,0,10.2,0,0,0,1.7,0,0,103.4,20.5,0,0,54.3,192.3,94.5,0,0,0,0,0,2.1,16.9,0,86.3,0,0,0,0,28.8,24,0,0,0,0,0,0,0,46.3,121.9,140.1,0,640.9,1,0,0,3098.2,0,0,0,0,0,0,0,0,0,0,0,0,0,0,0.6,0,0,1.3,0,1.2,0,0
114,lemons and limes,Imports,2017,0,14,0,0,0,644.8,5.6,40.6,0,1.4,0,0.5,0,42.7,0,0,0,0,2.9,24,0,96.5,3.1,0,5.8,7.8,46.4,0,0,0,0,0,0,0,0,37.3,0,0,0,0,0,3.7,0,0,0,1828.1,0,0,173.2,0,192.7,0,24.8,0,0,0,0,0,0,0,91.5,0,130.2,0,53.1,0,0,0,36.4,0,0,0,0,0,0,19,1.1,2.9,0,0,0,237.3,2.2,1.3,806.3,0,8,0,0,0,2,0,0,123.6,26.4,0,0,60.9,213.7,105.7,0,0,0,0,0,0.8,21.8,0,59.4,0,0,0,0,31.1,25.5,0,0,0,0,0,0,0,45.6,144.6,147.9,0,709.5,1.4,0,0,3331.9,0,0,0,0,0,0,0,0,0,0,0,0,0,0,0.8,0,0,1.4,0,1.2,0,0
115,lemons and limes,Imports,2018,0,8.6,0,0,0,656.3,7.9,40.3,0,1.4,0,0.5,0,42.2,0,0,0,0,2.5,24,0,99.6,2.6,0,5.4,7.7,37.8,0,0,0,0,0,0,0,0,39.3,0,0,0,0,0,2,0,0,0,1772.9,0,0,174.2,0,192.7,0,24,0,0,0,0,0,0,0,96.9,0,120,0,53.1,0,0,0,36.4,0,0,0,0,0,0,21.3,1.1,2.6,0,0,0,230.3,2.2,1.3,748.6,0,10.3,0,0,0,2,0,0,100.2,23.4,0,0,60.9,213.7,100.7,0,0,0,0,0,1,17.2,0,51.6,0,0,0,0,30.8,27.2,0,0,0,0,0,0,0,38.6,155.2,151.2,0,648.6,1.3,0,0,3221.9,0,0,0,0,0,0,0,0,0,0,0,0,0,0,0.5,0,0,1.4,0,1.2,0,0
116,lemons and limes,Imports,2019,0,8.8,0,0,0,702.8,3.8,44.4,0,1.5,0,0.5,0,32.8,0,0,0,0,4,29,0,101.8,2.7,0,7.4,14.6,35,0,0,0,0,0,0,0,0,36.6,0,0,0,0,0,1,0,0,0,1922.9,0,0,163.3,0,213.4,0,23.3,0,0,0,0,0,0,0,95,0,148.9,0,56.5,0,0,0,37,0,0,0,0,0,0,24.6,0.7,3.9,0,0,0,253.9,1.9,0.6,895.6,0,5.9,0,0,0,2.1,0,0,127.5,33.2,0,0,62.6,225.7,123.9,0,0,0,0,0,1,26.1,0,58.5,0,0,0,0,29.9,27.5,0,0,0,0,0,0,0,54.3,150,155,0,793.4,1,0,0,3572.2,0,0,0,0,0,0,0,0,0,0,0,0,0,0,0.5,0,0,1.6,0,1.1,0,0
117,grapefruits,Production,2011,0,777.5,0.2,0,172.4,4844.8,9.2,0,0,20.4,59.2,0,0,0,24.4,0,0,0,76.3,0,0,0,231.8,5,600.4,0,3206.7,82.9,0,0,4.5,19.9,0,112,22.2,0,21.4,10.2,0,14,11,0,0,0,0,66.7,0,0,4.5,0,0,0,0,0,0,17.6,25.4,196,0,78,0,183.7,7.1,0,0,0,0,2.1,0,0,0,0,0,11.7,0,0,0,397.3,0,10.1,0,0,1,0,1138,0,10.7,0,0,0,42,5.2,30.6,0,0,0,0,0,0,0,0,0,0,0,6.4,415.5,329.7,0,48.2,0,0,184.3,0,0,0,40.2,270.4,0,0,91.3,219,0,0,0,0,0,1138,0,8.1,424.3,7932.9,0,8.9,0,0,0,0,0,0,0,0,0,0,0,0,0,0,0,0,0,0,0,0.5
118,grapefruits,Production,2012,0,689.9,0.3,0,132.2,5203.5,8.9,0,0,20.4,61,0,0,0,32,0,0,0,78,0,0,0,206.1,5.1,650.8,0,3370.3,84.4,0,0,5.2,20,0,84.7,20.8,0,21.8,9.6,0,13.5,11.1,0,0,0,0,74.9,0,0,4,0,0,0,0,0,0,20.4,33.5,322.5,0,82.4,0,246.6,7.5,0,0,0,0,2.9,0,0,0,0,0,12,0,0,0,415.5,0,10,0,0,0.8,0,1047,0,10.2,0,0,0,53.1,5.6,30.5,0,0,0,0,0,0,0,0,0,0,0,7.2,308.7,301.1,0,56.6,0,0,196,0,0,0,35.6,245.5,0,0,96,226.7,0,0,0,0,0,1047,0,7.6,437.4,8108.6,0,9,0,0,0,0,0,0,0,0,0,0,0,0,0,0,0,0,0,0,0,0.5
119,grapefruits,Production,2013,0,825.7,0.3,0,113.5,5485.1,8.5,0,0,21,60,0,0,0,24.6,0,0,0,78,0,0,0,189.7,5.2,635.8,0,3717.3,75.8,0,0,5.3,20.2,0,64,19.8,0,22.1,9.5,0,14.3,10.8,0,0,0,0,78.1,0,0,4.7,0,0,0,0,0,0,22.4,9.4,285.3,0,86.9,0,210.7,7.8,0,0,0,0,2.5,0,0,0,0,0,11.9,0,0,0,425.4,0,9.7,0,0,0.7,0,1092,0,9.6,0,0,0,44,5.2,30,0,0,0,0,0,0,0,0,0,0,0,7.2,442.8,271.6,0,58.8,0,0,198,0,0,0,44.6,247.1,0,0,96.3,228.8,0,0,0,0,0,1092,0,8,439.6,8509.5,0,9,0,0,0,0,0,0,0,0,0,0,0,0,0,0,0,0,0,0,0,0.4
120,grapefruits,Production,2014,0,802,0.2,0,130.8,5487.3,7.8,0,0,23.2,62.9,0,0,0,20.9,0,0,0,78.6,0,0,0,167.2,5.1,640.1,0,3702.2,80.1,0,0,4.5,20.4,0,41.4,20.4,0,22.5,9.5,0,15.4,11.6,0,0,0,0,82.8,0,0,4,0,0,0,0,0,0,24.7,8.5,248.5,0,93.7,0,227.1,5.4,0,0,0,0,2.9,0,0,0,0,0,12,0,0,0,424.7,0,9.4,0,0,0.9,0,950,0,9.1,0,0,0,41.1,6.3,30,0,0,0,0,0,0,0,0,0,0,0,5.9,417.6,282.2,0,68.5,0,0,198,0,0,0,44.6,242.2,0,0,98.9,229.6,0,0,0,0,0,950,0,8.1,466.6,8337.9,0,9.3,0,0,0,0,0,0,0,0,0,0,0,0,0,0,0,0,0,0,0,0.4
121,grapefruits,Production,2015,0,796.1,2,0,130.4,6140.9,7.8,0,0,23.7,63.2,0,0,0,27.4,0,0,0,79.6,0,0,0,179.3,5.1,665.6,0,4367.9,71.7,0,0,4.6,20.5,0,56.3,24.5,0,22.5,9.5,0,15.5,8.8,0,0,0,0,92.2,0,0,6,0,0,0,0,0,0,24.5,9,260.5,0,97.6,0,185,5,0,0,0,0,3.6,0,0,0,0,0,12,0,0,0,424.3,0,9.5,0,0,0.9,0,826,0,9.1,0,0,0,50.3,7.8,30.1,0,0,0,0,0,0,0,0,0,0,0,5.8,390.3,293.5,0,74.5,0,0,219.1,0,0,0,47,233,0,0,99.5,250,0,0,0,0,0,826,0,7.8,471.4,8910.5,0,9.3,0,0,0,0,0,0,0,0,0,0,0,0,0,0,0,0,0,0,0,0.4
122,grapefruits,Production,2016,0,734.4,4,0,102.3,6427.3,8.2,0,0,24.3,66.5,0,0,0,13.5,0,0,0,80,0,0,0,133.4,5.1,687.6,0,4517.8,72.6,0,0,4.6,20.7,0,56.3,25.3,0,24.5,9.6,0,15.5,7.1,0,0,0,0,94.6,0,0,8.6,0,0,0,0,0,0,24.2,26.1,390.5,0,74,0,170,4.9,0,0,0,0,4.3,0,0,0,0,0,12,0,0,0,438.1,0,9.5,0,0,0.7,0,728,0,9.4,0,0,0,50,6.7,28.8,0,0,0,0,0,0,0,0,0,0,0,5.9,318.7,262.1,0,72.2,0,0,220.5,0,0,0,49.5,231.4,0,0,103.5,253.1,0,0,0,0,0,728,0,8.2,504,8982.2,0,10.1,0,0,0,0,0,0,0,0,0,0,0,0,0,0,0,0,0,0,0,0.5
123,grapefruits,Production,2017,0,749.2,5,0,112,6582.6,7,0,0,24.8,65.6,0,0,0,6.8,0,0,0,80.9,0,0,0,121.1,5.2,702.8,0,4658.7,74.8,0,0,4.7,20.9,0,42.3,18.5,0,24.9,9.6,0,15.4,7.3,0,0,0,0,103.4,0,0,9.7,0,0,0,0,0,0,24.9,26.4,352,0,75.3,0,148.9,4.8,0,0,0,0,5.7,0,0,0,0,0,12.1,0,0,0,441.9,0,9.5,0,0,0.8,0,633,0,8.3,0,0,0,50,6.8,27.3,0,0,0,0,0,0,0,0,0,0,0,5.7,323.7,273,0,78.8,0,0,225.2,0,0,0,51.9,236.5,0,0,105.9,260,0,0,0,0,0,633,0,8.2,572.7,9070,0,10.3,0,0,0,0,0,0,0,0,0,0,0,0,0,0,0,0,0,0,0,0.5
124,grapefruits,Production,2018,0,787.6,7.4,0,111.2,6627.6,7.1,0,0,24.8,65.6,0,0,0,7.5,0,0,0,81.8,0,0,0,115.5,5.2,679,0,4658.7,74.4,0,0,4.7,21,0,34.2,19.2,0,24.7,9.6,0,15.4,10.2,0,0,0,0,96.3,0,0,8.1,0,0,0,0,0,0,24.9,19,323.3,0,75.3,0,148.9,5.2,0,0,0,0,5.5,0,0,0,0,0,12.2,0,0,0,438.9,0,10.1,0,0,0.7,0,469,0,8.2,0,0,0,50,6.7,26.9,0,0,0,0,0,0,0,0,0,0,0,6.1,353.8,272.7,0,70.6,0,0,229.9,0,0,0,51.9,236,0,0,108.5,250,0,0,0,0,0,469,0,8.1,657.7,8959.6,0,10.3,0,0,0,0,0,0,0,0,0,0,0,0,0,0,0,0,0,0,0,0.4
125,grapefruits,Production,2019,0,833.4,5,0,112.6,7115.7,5.7,0,0,24.7,72.1,0,0,0,8.1,0,0,0,83.1,0,0,0,127.9,5.6,727.8,0,4930,83.1,0,0,5.8,21.2,0,20.6,15.7,0,25.4,9.4,0,12.9,6.3,0,0,0,0,92,0,0,8.5,0,0,0,0,0,0,54.1,25.7,323.3,0,87.5,0,148.8,5.2,0,0,0,0,2.4,0,0,0,0,0,12.6,0,0,0,488.8,0,9.2,0,0,0.8,0,511.7,0,7,0,0,0,50,6.5,26.8,0,0,0,0,0,0,0,0,0,0,0,5.1,378.6,272.8,0,70.5,0,0,252.4,0,0,0,56.8,281.7,0,0,109.3,249.2,0,0,0,0,0,511.7,0,7.8,818.9,9596.3,0,10,0,0,0,0,0,0,0,0,0,0,0,0,0,0,0,0,0,0,0,0.5
126,grapefruits,Exports,2011,0,229,0,0,10.2,82.8,0.8,0,0,0,0,0,0,16.6,2.7,0,0,0,0,0,0,0,3,0,19.8,1.4,7.1,0,0,0,0,0,0,2.9,11.2,0,0,0,0,0,0,0,8.9,0.1,0,159,0,0,1.3,0,8,0,0,0,0,0,0,0,0,0,0,45.7,0,0,0,0,0,0,0,0,0,0,0,0,0,0,0,17,0,0,0,48.2,0,0,29.2,0,0.8,0,0,0,0,0,0,0,0,0,0,0,0,0,0,0,0,0,0,220.1,11.8,0,54,0,0,0,0,0,0,0,13.4,0,0.1,0,0,0,0,0,0,0,29.2,0.2,0,0,535.4,0,0,0,0,0,0,0,0,0,0,0,0,0,0,0,0,0,0,0,0,0,0
127,grapefruits,Exports,2012,0,199.3,0,0,2.4,83.9,0.8,0,0,0,0,0,0,15.8,3,0,0,0,0,0,0,0,0.9,0,21.8,1.4,6.3,0,0,0,0,0,0,0.8,11.6,0,0,0,0,0,0,0,18.8,0.1,0,125.3,0,0,1.8,0,7,0,0,0,0,0,0,0,0,0,0,47.3,0,0,0,0,0,0,0,0,0,0,0,0,0,0,0,18.7,0,0,0,24.8,0,0,27.9,0,0.8,0,0,0,0,0,0,0,0,0,0,0,0,0,0,0,0,0,0,180.5,3.9,0,47.6,0,0,0,0,0,0,0,13.4,0,0.1,0,0,0,0,0,0,0,27.9,0.1,0,0,463.8,0,0,0,0,0,0,0,0,0,0,0,0,0,0,0,0,0,0,0,0,0,0
128,grapefruits,Exports,2013,0,277.4,0,0,1.6,74.8,0.6,0,0,0,0,0,0,12.9,2.4,0,0,0,0,0,0,0,2.6,0,20.2,1.4,6.6,0,0,0,0,0,0,2.4,10.5,0,0,0,0,0,0,0,14.5,0.2,0,123.5,0,0,2.8,0,6,0,0,0,0,0,0,0,0,0,0,36.4,0,0,0,0,0,0,0,0,0,0,0,0,0,0,0,17.6,0,0,0,17.5,0,0,26.1,0,0.6,0,0,0,0,0,0,0,0,0,0,0,0,0,0,0,0,0,0,262.9,3.1,0,55.7,0,0,0,0,0,0,0,14.8,0,0.2,0,0,0,0,0,0,0,26.1,0.1,0,0,528.3,0,0,0,0,0,0,0,0,0,0,0,0,0,0,0,0,0,0,0,0,0,0
129,grapefruits,Exports,2014,0,229.2,0,0,1,75.3,0.6,0,0,0,0,0,0,10.3,3.6,0,0,0,0,0,0,0,0.3,0,18.1,1.1,7.7,0,0,0,0,0,0,0.2,10,0,0,0,0,0,0,0,12,0.2,0,117.8,0,0,5.4,0,5.6,0,0,0,0,0,0,0,0,0,0,35,0,0,0,0,0,0,0,0,0,0,0,0,0,0,0,14.3,0,0,0,18.8,0,0,23.7,0,0.6,0,0,0,0,0,0,0,0,0,0,0,0,0,0,0,0,0,0,217.2,2.2,0,52.8,0,0,0,0,0,0,0,13.1,0,0.1,0,0,0,0,0,0,0,23.7,0.1,0,0,467.2,0,0,0,0,0,0,0,0,0,0,0,0,0,0,0,0,0,0,0,0,0,0
130,grapefruits,Exports,2015,0,229.4,0,0,0.5,76.3,0.6,0,0,0,0,0,0,12,3.5,0,0,0,0,0,0,0,0.2,0,23.6,0.9,9.6,0,0,0,0,0,0,0.1,8.2,0,0,0,0,0,0,0,9.1,0.1,0,132.1,0,0,5.6,0,8.1,0,0,0,0,0,0,0,0,0,0,35,0,0,0,0,0,0,0,0,0,0,0,0,0,0,0,20,0,0,0,14.9,0,0,19.2,0,0.6,0,0,0,0,0,0,0,0,0,0,0,0,0,0,0,0,0,0,220.3,1.6,0,66.3,0,0,0,0,0,0,0,12.3,0,0.1,0,0,0,0,0,0,0,19.2,0.2,0,0,483,0,0,0,0,0,0,0,0,0,0,0,0,0,0,0,0,0,0,0,0,0,0
131,grapefruits,Exports,2016,0,220.8,0,0,0.5,86.4,0.5,0,0,0,0,0,0,13.7,4.9,0,0,0,0,0,0,0,1.8,0,26.9,2,11.3,0,0,0,0,0,0,1.7,10.5,0,0,0,0,0,0,0,17.4,0,0,122.3,0,0,6.1,0,6.9,0,0,0,0,0,0,0,0,0,0,35.1,0,0,0,0,0,0,0,0,0,0,0,0,0,0,0,22,0,0,0,16.7,0,0,21.1,0,0.5,0,0,0,0,1.5,0,0,0,0,0,0,0,0,0,0,0,0,0,202.5,4,0,55.7,0,0,0,0,0,0,0,19.4,0,0.1,0,0,0,0,0,0,0,21.1,0,0,0,483.8,0,0,0,0,0,0,0,0,0,0,0,0,0,0,0,0,0,0,0,0,0,0
132,grapefruits,Exports,2017,0,250.4,0,0,0.7,100.9,0.4,0,0,0,0,0,0,11.7,2.2,0,0,0,0,0,0,0,1.2,0,24.7,2.2,16.2,0,0,0,0,0,0,1.1,8.2,0,0,0,0,0,0,0,17.9,0,0,138.6,0,0,5.4,0,7.5,0,0,0,0,0,0,0,0,0,0,29.2,0,0,0,0,0,0,0,0,0,0,0,0,0,0,0,22.5,0,0,0,30.1,0,0,19,0,0.4,0,0,0,0,1.1,0,0,0,0,0,0,0,0,0,0,0,0,0,230.6,4.1,0,59.9,0,0,0,0,0,0,0,38.1,0,0.1,0,0,0,0,0,0,0,19,0.1,0,0,539.3,0,0,0,0,0,0,0,0,0,0,0,0,0,0,0,0,0,0,0,0,0,0
133,grapefruits,Exports,2018,0,340.4,0,0,0.5,110.2,1.2,0,0,0,0,0,0,11.7,4,0,0,0,0,0,0,0,1.2,0,21,1.4,31.5,0,0,0.1,0,0,0,1.1,9.1,0,0,0,0,0,0,0,47.3,0,0,130,0,0,5.4,0,11.2,0,0,0,0,0,0,0,0,0,0,33.6,0,0,0,0,0,0,0,0,0,0,0,0,0,0,0,17,0,0,0,29.2,0,0,21.6,0,1.2,0,0,0,0,1.4,0,0,0,0,0,0,0,0,0,0,0,0,0,288.2,3.4,0,47.5,0,0,0,0,0,0,0,26.7,0,0.1,0,0,0,0,0,0,0,21.6,0,0,0,629,0,0,0,0,0,0,0,0,0,0,0,0,0,0,0,0,0,0,0,0,0,0
134,grapefruits,Exports,2019,0,285.7,0,0,0.4,98,1.7,0,0,0,0,0,0,12.8,3,0,0,0,0,0,0,0,1.3,0,23.8,1.3,21.6,0,0,0.1,0,0,0,1.2,8.3,0,0,0,0,0,0,0,14.9,0,0,150.1,0,0,4.5,0,10,0,0,0,0,0,0,0,0,0,0,33,0,0,0,0,0,0,0,0,0,0,0,0,0,0,0,20.8,0,0,0,28.3,0,0,22,0,1.7,0,0,0,0,1.6,0,0,0,0,0,0,0,0,0,0,0,0,0,258.4,3.5,0,71.9,0,0,0,0,0,0,0,24.1,0,0.1,0,0,0,0,0,0,0,22,0.1,0,0,586.1,0,0,0,0,0,0,0,0,0,0,0,0,0,0,0,0,0,0,0,0,0,0
135,grapefruits,Imports,2011,0,1.6,0,0,2,249.8,0.9,0,0,0.2,0,0.2,0,0,0,0,0,0,0,0,0,45.3,0.5,0,3,0,17,11.6,0,0,0,0,0,0,0,0,0,0,0,0,0,0,0,0,0,756.3,0,0,75.6,0,63.6,0,0,0.2,0,0,0,0,0,0,0,0,31.1,0,160,0,0,0,0,0,0,0,0,0,0,0,0,2.5,0,0,0,178.3,0.2,0,51.5,0,1.1,0,0,0.1,0,0,0,40.3,0,0,9.3,26,122.5,9.9,0,0,4.6,0,0,0.6,2.5,0,0,0,0,0,0,0,0,0,0,0,0,0,0,0,25.7,7.5,36.9,0,6.1,0,0,0,1066.3,0,0,0,0,0,0,0,0,0,0,0,0,0,0,0.1,0,0,0.8,0,0,0,0
136,grapefruits,Imports,2012,0,1.6,0,0,1.3,263.6,1,0,0,0.2,0,0.2,0,0,0,0,0,0,0,0,0,44.1,1.1,0,8.6,0,24.8,12.3,0,0,0,0,0,0,0,0,0,0,0,0,0,0,0,0,0,752.6,0,0,77.3,0,59.5,0,0,0.2,0,0,0,0,0,0,0,0,27.5,0,151.4,0,0,0,0,0,0,0,0,0,0,0,0,8.3,0,0,0,169.6,0.4,0,47.1,0,1.4,0,0,0.1,0.4,0,0,44.1,0,0,10.5,30.8,121.1,21.5,0,0,5.3,0,0,0.5,2.1,0,0,0,0,0,0,0,0,0,0,0,0,0,0,0,26.8,6.2,37,0,2.9,0,0,0,1078.1,0,0,0,0,0,0,0,0,0,0,0,0,0,0,0.1,0,0,0.8,0,0,0.6,0
137,grapefruits,Imports,2013,0,3.6,0,0,1.6,276.1,1.8,0,0,0.3,0,0.2,0,0,0,0,0,0,0,0,0,43,0.6,0,2.7,0,15.2,18.8,0,0,0,0,0,0,0,0,0,0,0,0,0,0,0,0,0,800.6,0,0,79.4,0,68.6,0,0,0.2,0,0,0,0,0,0,0,0,29.1,0,127.3,0,0,0,0,0,0,0,0,0,0,0,0,2.2,0,0,0,181.2,0.4,0,55.3,0,2.2,0,0,0.2,0.4,0,0,45.3,0,0,11.6,23.3,147.5,51.3,0,0,5.1,0,0,2.2,2.9,0,0,0,0,0,0,0,0,0,0,0,0,0,0,0,31.7,10.2,34,0,12.2,0,0,0,1144,0,0,0,0,0,0,0,0,0,0,0,0,0,0,0.1,0,0,0.9,0,0,0,0
138,grapefruits,Imports,2014,0,13,0,0,1.4,260.8,2.2,0,0,0.1,0,0.2,0,0,0,0,0,0,0,0,0,40.9,0.4,0,2,0,15.7,24.4,0,0,0,0,0,0,0,0,0,0,0,0,0,0,0,0,0,756.4,0,0,77.5,0,63.7,0,0,0.1,0,0,0,0,0,0,0,0,28.5,0,106.9,0,0,0,0,0,0,0,0,0,0,0,0,1.7,0,0,0,163.9,0.3,0,50.5,0,2.5,0,0,0.1,1.1,0,0,43.1,0,0,19.5,32.3,124.7,35.6,0,0,5.5,0,0,11.5,3.4,0,0,0,0,0,0,0,0,0,0,0,0,0,0,0,22.4,11.6,32.5,0,9.5,0,0,0,1089,0,0,0,0,0,0,0,0,0,0,0,0,0,0,0.1,0,0,1,0,0,0,0
139,grapefruits,Imports,2015,0,4.9,0,0,1,263.8,1.1,0,0,0.1,0,0.2,0,0,0,0,0,0,0,0,0,41.1,0.4,0,2.8,0,15.8,32.2,0,0,0,0,0,0,0,0,0,0,0,0,0,0,0,0,0,722.8,0,0,76,0,62.7,0,0,0.1,0,0,0,0,0,0,0,0,30.4,0,101,0,0,0,0,0,0,0,0,0,0,0,0,2.6,0,0,0,165.5,0.3,0,50.7,0,1.4,0,0,0.1,0.4,0,0,49,0,0,25,31.9,102.5,32.5,0,0,5.6,0,0,3.6,2.2,0,0,0,0,0,0,0,0,0,0,0,0,0,0,0,13.4,10.9,32,0,9.5,0,0,0,1049,0,0,0,0,0,0,0,0,0,0,0,0,0,0,0.1,0,0,0.8,0,0,0,0
140,grapefruits,Imports,2016,0,5.5,0,0,2.4,246.7,1.2,0,0,0.1,0,0.2,0,0,0,0,0,0,0,0,0,37.6,0.4,0,2.2,0,16.1,34.6,0,0,0,0,0,0,0,0,0,0,0,0,0,0,0,0,0,745.3,0,0,75.8,0,61.8,0,0,0.1,0,0,0,0,0,0,0,0,30.3,0,83.4,0,0,0,0,0,0,0,0,0,0,0,0,1.9,0,0,0,164.7,0.3,0,61.5,0,1.5,0,0,0.1,0.1,0,0,52.9,0,0,23.2,32.3,115.5,31.5,0,0,5,0,0,4,3.3,0,0,0,0,0,0,0,0,0,0,0,0,0,0,0,18.8,10.8,31.2,0,23.8,0,0,0,1066.4,0,0,0,0,0,0,0,0,0,0,0,0,0,0,0.1,0,0,0.8,0,0,0,0
141,grapefruits,Imports,2017,0,2.9,0,0,2.4,241.1,1.2,0,0,0.1,0,0.2,0,0,0,0,0,0,0,0,0,37.3,0.4,0,1.6,0,21.5,42.6,0,0,0,0,0,0,0,0,0,0,0,0,0,0,0,0,0,788.7,0,0,73,0,55,0,0,0.1,0,0,0,0,0,0,0,0,31.2,0,78.1,0,0,0,0,0,0,0,0,0,0,0,0,1.3,0,0,0,252.7,0.2,0,62.7,0,1.4,0,0,0.1,0.2,0,0,49.9,0,0,23,31.8,107.6,33,0,0,5.2,0,0,1.2,3.7,0,0,0,0,0,0,0,0,0,0,0,0,0,0,0,16.9,10.9,32.8,0,25.3,0,0,0,1102.5,0,0,0,0,0,0,0,0,0,0,0,0,0,0,0.1,0,0,0.8,0,0,0,0
142,grapefruits,Imports,2018,0,3.8,0,0,2.3,226,1.3,0,0,0.1,0,0.2,0,0,0,0,0,0,0,0,0,37.5,0.5,0,2,0,15.9,46.4,0,0,0,0,0,0,0,0,0,0,0,0,0,0,0,0,0,796.9,0,0,71.2,0,58.2,0,0,0.2,0,0,0,0,0,0,0,0,30.4,0,62.5,0,0,0,0,0,0,0,0,0,0,0,0,1.7,0,0,0,242.7,0.2,0,62.8,0,1.5,0,0,0.1,0.4,0,0,50.3,0,0,23,31.9,118.8,33,0,0,5.2,0,0,2.1,3.8,0,0,0,0,0,0,0,0,0,0,0,0,0,0,0,17.1,10.9,32.8,0,25.2,0,0,0,1097.3,0,0,0,0,0,0,0,0,0,0,0,0,0,0,0.1,0,0,0.9,0,0,0.1,0
143,grapefruits,Imports,2019,0,3,0,0,1.3,238.1,1.3,0,0,0.1,0,0.3,0,0,0,0,0,0,0,0,0,33.8,0.6,0,2.5,0,29,60.3,0,0,0,0,0,0,0,0,0,0,0,0,0,0,0,0,0,836.5,0,0,62.3,0,50,0,0,0.1,0,0,0,0,0,0,0,0,28,0,63.9,0,0,0,0,0,0,0,0,0,0,0,0,2.2,0,0,0,250.6,0.2,0,49.7,0,1.5,0,0,0.1,0.4,0,0,50.4,0,0,17.8,33.2,152.8,22.6,0,0,5.6,0,0,1.5,2.5,0,0,0,0,0,0,0,0,0,0,0,0,0,0,0,31.5,10.5,30.4,0,15.8,0,0,0,1134.4,0,0,0,0,0,0,0,0,0,0,0,0,0,0,0.1,0,0,0.7,0,0,0.1,0
